Country Name,Country Code,Indicator Name,Indicator Code,_1960,_1961,_1962,_1963,_1964,_1965,_1966,_1967,_1968,_1969,_1970,_1971,_1972,_1973,_1974,_1975,_1976,_1977,_1978,_1979,_1980,_1981,_1982,_1983,_1984,_1985,_1986,_1987,_1988,_1989,_1990,_1991,_1992,_1993,_1994,_1995,_1996,_1997,_1998,_1999,_2000,_2001,_2002,_2003,_2004,_2005,_2006,_2007,_2008,_2009,_2010,_2011,_2012,_2013,_2014,_2015
Aruba,ABW,Electricity production from nuclear sources (% of total),EG.ELC.NUCL.ZS,0,0,0,0,0,0,0,0,0,0,0,0,0,0,0,0,0,0,0,0,0,0,0,0,0,0,0,0,0,0,0,0,0,0,0,0,0,0,0,0,0,0,0,0,0,0,0,0,0,0,0,0,0,0,0,0
Africa Eastern and Southern,AFE,Electricity production from nuclear sources (% of total),EG.ELC.NUCL.ZS,0,0,0,0,0,0,0,0,0,0,0,0,0,0,0,0,0,0,0,0,0,0,0,0,2.222436432,2.862165923,4.583538351,3.130933282,5.090781163,5.211500722,3.866790766,4.140829683,4.250650478,3.201403714,4.149434052,4.679019667,4.60390023,4.768023045,5.108086241,4.816205136,4.681261001,3.780810091,4.02618187,4.069472304,4.092129528,3.396172049,2.903757138,3.153267904,3.672837683,3.665910151,3.306397931,3.608978907,3.212862016,3.732574052,3.58003778,0
Afghanistan,AFG,Electricity production from nuclear sources (% of total),EG.ELC.NUCL.ZS,0,0,0,0,0,0,0,0,0,0,0,0,0,0,0,0,0,0,0,0,0,0,0,0,0,0,0,0,0,0,0,0,0,0,0,0,0,0,0,0,0,0,0,0,0,0,0,0,0,0,0,0,0,0,0,0
Africa Western and Central,AFW,Electricity production from nuclear sources (% of total),EG.ELC.NUCL.ZS,0,0,0,0,0,0,0,0,0,0,0,0,0,0,0,0,0,0,0,0,0,0,0,0,0,0,0,0,0,0,0,0,0,0,0,0,0,0,0,0,0,0,0,0,0,0,0,0,0,0,0,0,0,0,0,0
Angola,AGO,Electricity production from nuclear sources (% of total),EG.ELC.NUCL.ZS,0,0,0,0,0,0,0,0,0,0,0,0,0,0,0,0,0,0,0,0,0,0,0,0,0,0,0,0,0,0,0,0,0,0,0,0,0,0,0,0,0,0,0,0,0,0,0,0,0,0,0,0,0,0,0,0
Albania,ALB,Electricity production from nuclear sources (% of total),EG.ELC.NUCL.ZS,0,0,0,0,0,0,0,0,0,0,0,0,0,0,0,0,0,0,0,0,0,0,0,0,0,0,0,0,0,0,0,0,0,0,0,0,0,0,0,0,0,0,0,0,0,0,0,0,0,0,0,0,0,0,0,0
Andorra,AND,Electricity production from nuclear sources (% of total),EG.ELC.NUCL.ZS,0,0,0,0,0,0,0,0,0,0,0,0,0,0,0,0,0,0,0,0,0,0,0,0,0,0,0,0,0,0,0,0,0,0,0,0,0,0,0,0,0,0,0,0,0,0,0,0,0,0,0,0,0,0,0,0
Arab World,ARB,Electricity production from nuclear sources (% of total),EG.ELC.NUCL.ZS,0,0,0,0,0,0,0,0,0,0,0,0,0,0,0,0,0,0,0,0,0,0,0,0,0,0,0,0,0,0,0,0,0,0,0,0,0,0,0,0,0,0,0,0,0,0,0,0,0,0,0,0,0,0,0,0
United Arab Emirates,ARE,Electricity production from nuclear sources (% of total),EG.ELC.NUCL.ZS,0,0,0,0,0,0,0,0,0,0,0,0,0,0,0,0,0,0,0,0,0,0,0,0,0,0,0,0,0,0,0,0,0,0,0,0,0,0,0,0,0,0,0,0,0,0,0,0,0,0,0,0,0,0,0,0
Argentina,ARG,Electricity production from nuclear sources (% of total),EG.ELC.NUCL.ZS,0,0,0,0,0,0,0,0,0,0,0,0,0,0,3.706618962,8.577855025,8.512046598,5.050442724,8.661841239,7.151775989,5.893315872,7.250444141,4.688361831,7.918052229,10.32113152,12.73831879,11.65438851,12.42337478,11.09750029,9.976044822,14.34962554,14.46394271,12.67156994,12.5860725,12.7660564,10.54390808,10.70372815,11.01136961,10.06998865,8.830949333,6.947474975,7.833324086,6.892591145,8.221232207,7.856037538,6.515247746,7.196661333,6.718800912,6.027762245,6.693788499,5.724755115,4.917602563,4.715137841,4.462963229,4.166726991,0
Armenia,ARM,Electricity production from nuclear sources (% of total),EG.ELC.NUCL.ZS,0,0,0,0,0,0,0,0,0,0,0,0,0,0,0,0,0,0,0,0,0,0,0,0,0,0,0,0,0,0,0,0,0,0,0,5.46664269,37.39942066,26.65450323,25.66628978,36.34773483,33.65223229,34.58659704,41.3480703,36.32066897,36.50082919,42.99509261,44.43696347,43.28585961,42.65164645,43.97813437,38.36080727,34.29340511,28.7580886,30.60959792,31.80645161,0
American Samoa,ASM,Electricity production from nuclear sources (% of total),EG.ELC.NUCL.ZS,0,0,0,0,0,0,0,0,0,0,0,0,0,0,0,0,0,0,0,0,0,0,0,0,0,0,0,0,0,0,0,0,0,0,0,0,0,0,0,0,0,0,0,0,0,0,0,0,0,0,0,0,0,0,0,0
Antigua and Barbuda,ATG,Electricity production from nuclear sources (% of total),EG.ELC.NUCL.ZS,0,0,0,0,0,0,0,0,0,0,0,0,0,0,0,0,0,0,0,0,0,0,0,0,0,0,0,0,0,0,0,0,0,0,0,0,0,0,0,0,0,0,0,0,0,0,0,0,0,0,0,0,0,0,0,0
Australia,AUS,Electricity production from nuclear sources (% of total),EG.ELC.NUCL.ZS,0,0,0,0,0,0,0,0,0,0,0,0,0,0,0,0,0,0,0,0,0,0,0,0,0,0,0,0,0,0,0,0,0,0,0,0,0,0,0,0,0,0,0,0,0,0,0,0,0,0,0,0,0,0,0,0
Austria,AUT,Electricity production from nuclear sources (% of total),EG.ELC.NUCL.ZS,0,0,0,0,0,0,0,0,0,0,0,0,0,0,0,0,0,0,0,0,0,0,0,0,0,0,0,0,0,0,0,0,0,0,0,0,0,0,0,0,0,0,0,0,0,0,0,0,0,0,0,0,0,0,0,0
Azerbaijan,AZE,Electricity production from nuclear sources (% of total),EG.ELC.NUCL.ZS,0,0,0,0,0,0,0,0,0,0,0,0,0,0,0,0,0,0,0,0,0,0,0,0,0,0,0,0,0,0,0,0,0,0,0,0,0,0,0,0,0,0,0,0,0,0,0,0,0,0,0,0,0,0,0,0
Burundi,BDI,Electricity production from nuclear sources (% of total),EG.ELC.NUCL.ZS,0,0,0,0,0,0,0,0,0,0,0,0,0,0,0,0,0,0,0,0,0,0,0,0,0,0,0,0,0,0,0,0,0,0,0,0,0,0,0,0,0,0,0,0,0,0,0,0,0,0,0,0,0,0,0,0
Belgium,BEL,Electricity production from nuclear sources (% of total),EG.ELC.NUCL.ZS,0,0,0.022798518,0.249840527,0.248163106,0,0.026492406,0.396775147,0.230536659,0.075432882,0.186744422,0,0.029681597,0.187122984,0.349766035,16.62011858,21.29745559,25.47312723,24.74930279,21.97668818,23.63677459,25.69179437,31.34179039,46.47477299,51.67256472,61.5030484,68.36743548,67.33357935,66.7823554,61.63105402,60.77789791,60.20987273,60.8542221,59.83758634,56.94341262,56.25442081,57.67521095,60.8879927,56.24733475,58.79735144,58.17959963,58.95469231,58.5132013,56.69989588,56.08810594,55.53092441,55.30065917,55.09893977,54.51826328,52.58223281,51.09503053,54.18698182,49.36842234,51.9010759,47.13574445,37.53235176
Benin,BEN,Electricity production from nuclear sources (% of total),EG.ELC.NUCL.ZS,0,0,0,0,0,0,0,0,0,0,0,0,0,0,0,0,0,0,0,0,0,0,0,0,0,0,0,0,0,0,0,0,0,0,0,0,0,0,0,0,0,0,0,0,0,0,0,0,0,0,0,0,0,0,0,0
Burkina Faso,BFA,Electricity production from nuclear sources (% of total),EG.ELC.NUCL.ZS,0,0,0,0,0,0,0,0,0,0,0,0,0,0,0,0,0,0,0,0,0,0,0,0,0,0,0,0,0,0,0,0,0,0,0,0,0,0,0,0,0,0,0,0,0,0,0,0,0,0,0,0,0,0,0,0
Bangladesh,BGD,Electricity production from nuclear sources (% of total),EG.ELC.NUCL.ZS,0,0,0,0,0,0,0,0,0,0,0,0,0,0,0,0,0,0,0,0,0,0,0,0,0,0,0,0,0,0,0,0,0,0,0,0,0,0,0,0,0,0,0,0,0,0,0,0,0,0,0,0,0,0,0,0
Bulgaria,BGR,Electricity production from nuclear sources (% of total),EG.ELC.NUCL.ZS,0,0,0,0,0,0,0,0,0,0,0,0,0,0,4.069104622,10.12006181,17.9803222,19.80477954,18.7666709,19.09293129,17.69771781,24.66461106,26.56022146,28.88294879,28.50779011,31.54064181,28.86178862,28.60626136,35.60560627,32.85959213,34.79983864,32.26469581,32.44032575,36.77395584,40.21451236,41.30512814,42.33074258,41.64848314,40.73716944,41.59499198,44.72272794,44.91431984,47.95465864,40.82404082,40.59045044,42.42017648,42.83987517,34.1034539,35.36021891,35.99726292,33.13775344,32.61299802,33.88866227,32.90301609,33.81209112,0
Bahrain,BHR,Electricity production from nuclear sources (% of total),EG.ELC.NUCL.ZS,0,0,0,0,0,0,0,0,0,0,0,0,0,0,0,0,0,0,0,0,0,0,0,0,0,0,0,0,0,0,0,0,0,0,0,0,0,0,0,0,0,0,0,0,0,0,0,0,0,0,0,0,0,0,0,0
"Bahamas, The",BHS,Electricity production from nuclear sources (% of total),EG.ELC.NUCL.ZS,0,0,0,0,0,0,0,0,0,0,0,0,0,0,0,0,0,0,0,0,0,0,0,0,0,0,0,0,0,0,0,0,0,0,0,0,0,0,0,0,0,0,0,0,0,0,0,0,0,0,0,0,0,0,0,0
Bosnia and Herzegovina,BIH,Electricity production from nuclear sources (% of total),EG.ELC.NUCL.ZS,0,0,0,0,0,0,0,0,0,0,0,0,0,0,0,0,0,0,0,0,0,0,0,0,0,0,0,0,0,0,0,0,0,0,0,0,0,0,0,0,0,0,0,0,0,0,0,0,0,0,0,0,0,0,0,0
Belarus,BLR,Electricity production from nuclear sources (% of total),EG.ELC.NUCL.ZS,0,0,0,0,0,0,0,0,0,0,0,0,0,0,0,0,0,0,0,0,0,0,0,0,0,0,0,0,0,0,0,0,0,0,0,0,0,0,0,0,0,0,0,0,0,0,0,0,0,0,0,0,0,0,0,0
Belize,BLZ,Electricity production from nuclear sources (% of total),EG.ELC.NUCL.ZS,0,0,0,0,0,0,0,0,0,0,0,0,0,0,0,0,0,0,0,0,0,0,0,0,0,0,0,0,0,0,0,0,0,0,0,0,0,0,0,0,0,0,0,0,0,0,0,0,0,0,0,0,0,0,0,0
Bermuda,BMU,Electricity production from nuclear sources (% of total),EG.ELC.NUCL.ZS,0,0,0,0,0,0,0,0,0,0,0,0,0,0,0,0,0,0,0,0,0,0,0,0,0,0,0,0,0,0,0,0,0,0,0,0,0,0,0,0,0,0,0,0,0,0,0,0,0,0,0,0,0,0,0,0
Bolivia,BOL,Electricity production from nuclear sources (% of total),EG.ELC.NUCL.ZS,0,0,0,0,0,0,0,0,0,0,0,0,0,0,0,0,0,0,0,0,0,0,0,0,0,0,0,0,0,0,0,0,0,0,0,0,0,0,0,0,0,0,0,0,0,0,0,0,0,0,0,0,0,0,0,0
Brazil,BRA,Electricity production from nuclear sources (% of total),EG.ELC.NUCL.ZS,0,0,0,0,0,0,0,0,0,0,0,0,0,0,0,0,0,0,0,0,0,0,0,0,0.915881599,1.745644923,0.071241985,0.478530081,0.282860426,0.826099322,1.003944871,0.615248083,0.727665348,0.175413531,0.021150511,0.914002489,0.833224617,1.028956238,1.014769323,1.188171465,1.732825084,4.346621696,4.002649919,3.666365665,2.996750574,2.445209201,3.279939524,2.774364423,3.016626104,2.779750322,2.815926475,2.944766124,2.902154087,2.705324499,2.603567928,0
Barbados,BRB,Electricity production from nuclear sources (% of total),EG.ELC.NUCL.ZS,0,0,0,0,0,0,0,0,0,0,0,0,0,0,0,0,0,0,0,0,0,0,0,0,0,0,0,0,0,0,0,0,0,0,0,0,0,0,0,0,0,0,0,0,0,0,0,0,0,0,0,0,0,0,0,0
Brunei Darussalam,BRN,Electricity production from nuclear sources (% of total),EG.ELC.NUCL.ZS,0,0,0,0,0,0,0,0,0,0,0,0,0,0,0,0,0,0,0,0,0,0,0,0,0,0,0,0,0,0,0,0,0,0,0,0,0,0,0,0,0,0,0,0,0,0,0,0,0,0,0,0,0,0,0,0
Bhutan,BTN,Electricity production from nuclear sources (% of total),EG.ELC.NUCL.ZS,0,0,0,0,0,0,0,0,0,0,0,0,0,0,0,0,0,0,0,0,0,0,0,0,0,0,0,0,0,0,0,0,0,0,0,0,0,0,0,0,0,0,0,0,0,0,0,0,0,0,0,0,0,0,0,0
Botswana,BWA,Electricity production from nuclear sources (% of total),EG.ELC.NUCL.ZS,0,0,0,0,0,0,0,0,0,0,0,0,0,0,0,0,0,0,0,0,0,0,0,0,0,0,0,0,0,0,0,0,0,0,0,0,0,0,0,0,0,0,0,0,0,0,0,0,0,0,0,0,0,0,0,0
Central African Republic,CAF,Electricity production from nuclear sources (% of total),EG.ELC.NUCL.ZS,0,0,0,0,0,0,0,0,0,0,0,0,0,0,0,0,0,0,0,0,0,0,0,0,0,0,0,0,0,0,0,0,0,0,0,0,0,0,0,0,0,0,0,0,0,0,0,0,0,0,0,0,0,0,0,0
Canada,CAN,Electricity production from nuclear sources (% of total),EG.ELC.NUCL.ZS,0,0,0,0.074712598,0.109818182,0.08695475,0.106645503,0.090477401,0.508578805,0.270693467,0.494959716,1.923519044,2.92978828,5.647935249,5.183499991,4.536595929,5.839983905,8.180084838,9.099260149,9.821781627,10.18865296,10.26148645,9.8972761,11.91918201,11.94709503,13.18804641,15.21245395,15.56903,16.38212234,15.99135083,15.13709415,16.70334598,15.48822843,17.6534484,19.40601757,17.47198686,16.19170962,14.38772664,12.73232927,12.69395193,12.02105034,13.00400149,12.56341927,12.70342062,15.06789028,14.83262533,16.03107899,14.87120015,15.19625997,14.77761648,15.01318195,14.70780517,14.90015723,15.54900826,16.11907499,15.54656052
Central Europe and the Baltics,CEB,Electricity production from nuclear sources (% of total),EG.ELC.NUCL.ZS,0,0,0,0,0,0,0,0,0,0,0,0,0.001186987,0.085935944,0.492114547,0.889202774,1.6401096,1.723790999,1.608519177,2.250088965,2.770373545,3.705068774,4.228620888,5.172167469,5.857346632,7.308704729,8.419843832,10.05825007,11.55858476,11.51822715,17.33297122,17.4620526,17.29178688,17.49017593,17.29598396,17.55955229,18.07509347,18.64469796,18.8887222,18.54666628,19.15329391,19.99963469,21.78643851,21.4375118,21.28337517,20.7779876,20.41098922,19.71945846,21.32540679,22.12161441,19.35259889,19.650032,20.27655214,20.03117071,20.54993138,13.65341674
Switzerland,CHE,Electricity production from nuclear sources (% of total),EG.ELC.NUCL.ZS,0,0,0,0,0,0,0,0,0,1.81768763,5.078214861,4.461049998,12.04554723,17.13882174,19.0474907,18.05765606,21.99900244,17.68141207,19.86982249,25.96502804,29.77893098,29.57518231,28.82037023,30.09866845,37.2111795,40.6179664,39.93739057,39.12407518,38.19162841,42.48637184,42.98079721,40.35053794,40.21127727,38.36838646,37.24090492,39.9932528,44.69609429,40.98754678,41.45801233,37.61303569,39.99455568,37.7311492,41.60085542,42.02905199,42.21091365,40.39003963,44.77114716,42.03103599,41.32108121,41.52505512,39.87615818,42.47233176,37.3363663,37.8201397,39.30986277,34.93199389
Channel Islands,CHI,Electricity production from nuclear sources (% of total),EG.ELC.NUCL.ZS,0,0,0,0,0,0,0,0,0,0,0,0,0,0,0,0,0,0,0,0,0,0,0,0,0,0,0,0,0,0,0,0,0,0,0,0,0,0,0,0,0,0,0,0,0,0,0,0,0,0,0,0,0,0,0,0
Chile,CHL,Electricity production from nuclear sources (% of total),EG.ELC.NUCL.ZS,0,0,0,0,0,0,0,0,0,0,0,0,0,0,0,0,0,0,0,0,0,0,0,0,0,0,0,0,0,0,0,0,0,0,0,0,0,0,0,0,0,0,0,0,0,0,0,0,0,0,0,0,0,0,0,0
China,CHN,Electricity production from nuclear sources (% of total),EG.ELC.NUCL.ZS,0,0,0,0,0,0,0,0,0,0,0,0,0,0,0,0,0,0,0,0,0,0,0,0,0,0,0,0,0,0,0,0,0,0.191317022,1.589666521,1.273223708,1.327297638,1.269315285,1.207708779,1.205635493,1.234530566,1.179784044,1.519015043,2.268318021,2.290399555,2.12312425,1.913603638,1.893174152,1.972608903,1.887829029,1.760219422,1.835335837,1.953846265,2.053005141,2.33928636,0
Cote d'Ivoire,CIV,Electricity production from nuclear sources (% of total),EG.ELC.NUCL.ZS,0,0,0,0,0,0,0,0,0,0,0,0,0,0,0,0,0,0,0,0,0,0,0,0,0,0,0,0,0,0,0,0,0,0,0,0,0,0,0,0,0,0,0,0,0,0,0,0,0,0,0,0,0,0,0,0
Cameroon,CMR,Electricity production from nuclear sources (% of total),EG.ELC.NUCL.ZS,0,0,0,0,0,0,0,0,0,0,0,0,0,0,0,0,0,0,0,0,0,0,0,0,0,0,0,0,0,0,0,0,0,0,0,0,0,0,0,0,0,0,0,0,0,0,0,0,0,0,0,0,0,0,0,0
"Congo, Dem. Rep.",COD,Electricity production from nuclear sources (% of total),EG.ELC.NUCL.ZS,0,0,0,0,0,0,0,0,0,0,0,0,0,0,0,0,0,0,0,0,0,0,0,0,0,0,0,0,0,0,0,0,0,0,0,0,0,0,0,0,0,0,0,0,0,0,0,0,0,0,0,0,0,0,0,0
"Congo, Rep.",COG,Electricity production from nuclear sources (% of total),EG.ELC.NUCL.ZS,0,0,0,0,0,0,0,0,0,0,0,0,0,0,0,0,0,0,0,0,0,0,0,0,0,0,0,0,0,0,0,0,0,0,0,0,0,0,0,0,0,0,0,0,0,0,0,0,0,0,0,0,0,0,0,0
Colombia,COL,Electricity production from nuclear sources (% of total),EG.ELC.NUCL.ZS,0,0,0,0,0,0,0,0,0,0,0,0,0,0,0,0,0,0,0,0,0,0,0,0,0,0,0,0,0,0,0,0,0,0,0,0,0,0,0,0,0,0,0,0,0,0,0,0,0,0,0,0,0,0,0,0
Comoros,COM,Electricity production from nuclear sources (% of total),EG.ELC.NUCL.ZS,0,0,0,0,0,0,0,0,0,0,0,0,0,0,0,0,0,0,0,0,0,0,0,0,0,0,0,0,0,0,0,0,0,0,0,0,0,0,0,0,0,0,0,0,0,0,0,0,0,0,0,0,0,0,0,0
Cabo Verde,CPV,Electricity production from nuclear sources (% of total),EG.ELC.NUCL.ZS,0,0,0,0,0,0,0,0,0,0,0,0,0,0,0,0,0,0,0,0,0,0,0,0,0,0,0,0,0,0,0,0,0,0,0,0,0,0,0,0,0,0,0,0,0,0,0,0,0,0,0,0,0,0,0,0
Costa Rica,CRI,Electricity production from nuclear sources (% of total),EG.ELC.NUCL.ZS,0,0,0,0,0,0,0,0,0,0,0,0,0,0,0,0,0,0,0,0,0,0,0,0,0,0,0,0,0,0,0,0,0,0,0,0,0,0,0,0,0,0,0,0,0,0,0,0,0,0,0,0,0,0,0,0
Caribbean small states,CSS,Electricity production from nuclear sources (% of total),EG.ELC.NUCL.ZS,0,0,0,0,0,0,0,0,0,0,0,0,0,0,0,0,0,0,0,0,0,0,0,0,0,0,0,0,0,0,0,0,0,0,0,0,0,0,0,0,0,0,0,0,0,0,0,0,0,0,0,0,0,0,0,0
Cuba,CUB,Electricity production from nuclear sources (% of total),EG.ELC.NUCL.ZS,0,0,0,0,0,0,0,0,0,0,0,0,0,0,0,0,0,0,0,0,0,0,0,0,0,0,0,0,0,0,0,0,0,0,0,0,0,0,0,0,0,0,0,0,0,0,0,0,0,0,0,0,0,0,0,0
Curacao,CUW,Electricity production from nuclear sources (% of total),EG.ELC.NUCL.ZS,0,0,0,0,0,0,0,0,0,0,0,0,0,0,0,0,0,0,0,0,0,0,0,0,0,0,0,0,0,0,0,0,0,0,0,0,0,0,0,0,0,0,0,0,0,0,0,0,0,0,0,0,0,0,0,0
Cayman Islands,CYM,Electricity production from nuclear sources (% of total),EG.ELC.NUCL.ZS,0,0,0,0,0,0,0,0,0,0,0,0,0,0,0,0,0,0,0,0,0,0,0,0,0,0,0,0,0,0,0,0,0,0,0,0,0,0,0,0,0,0,0,0,0,0,0,0,0,0,0,0,0,0,0,0
Cyprus,CYP,Electricity production from nuclear sources (% of total),EG.ELC.NUCL.ZS,0,0,0,0,0,0,0,0,0,0,0,0,0,0,0,0,0,0,0,0,0,0,0,0,0,0,0,0,0,0,0,0,0,0,0,0,0,0,0,0,0,0,0,0,0,0,0,0,0,0,0,0,0,0,0,0
Czech Republic,CZE,Electricity production from nuclear sources (% of total),EG.ELC.NUCL.ZS,0,0,0,0,0,0,0,0,0,0,0,0,0,0,0,0,0,0,0,0,0,0,0,0.353038781,2.135323314,4.124154781,10.14586015,17.20528651,18.36664905,19.06618968,20.21004962,20.12007032,20.74267233,21.52794353,22.22507664,20.1898473,20.13380756,19.45590731,20.3918049,20.81859131,18.63916281,19.86825444,24.65688532,31.24034003,31.41783029,30.18149418,31.13539102,29.82088328,31.8758629,33.33006664,32.81836084,32.5931133,34.98102368,35.74667473,35.63622262,32.48886414
Germany,DEU,Electricity production from nuclear sources (% of total),EG.ELC.NUCL.ZS,0,0.018997111,0.072848599,0.037519932,0.063586784,0.06824346,0.149986133,0.667764162,0.873647602,2.198394286,2.103176788,1.899471045,2.752969952,3.233854768,3.702091596,6.289704771,7.007923156,9.6830676,9.793648739,11.13494577,11.92027276,14.01065128,15.89928841,16.37193012,20.72936393,26.63304902,25.00685111,26.71702481,28.66339249,29.00464122,27.84040902,27.47701679,29.7568544,29.3358495,28.69412896,28.73254081,29.05731163,31.08112793,29.26345327,30.76744881,29.63518215,29.43961532,28.32560649,27.34578854,27.33818247,26.47856447,26.43599502,22.1780347,23.40789432,22.87114851,22.43214387,17.7809653,15.94630907,15.3710038,15.61715155,14.31992599
Djibouti,DJI,Electricity production from nuclear sources (% of total),EG.ELC.NUCL.ZS,0,0,0,0,0,0,0,0,0,0,0,0,0,0,0,0,0,0,0,0,0,0,0,0,0,0,0,0,0,0,0,0,0,0,0,0,0,0,0,0,0,0,0,0,0,0,0,0,0,0,0,0,0,0,0,0
Dominica,DMA,Electricity production from nuclear sources (% of total),EG.ELC.NUCL.ZS,0,0,0,0,0,0,0,0,0,0,0,0,0,0,0,0,0,0,0,0,0,0,0,0,0,0,0,0,0,0,0,0,0,0,0,0,0,0,0,0,0,0,0,0,0,0,0,0,0,0,0,0,0,0,0,0
Denmark,DNK,Electricity production from nuclear sources (% of total),EG.ELC.NUCL.ZS,0,0,0,0,0,0,0,0,0,0,0,0,0,0,0,0,0,0,0,0,0,0,0,0,0,0,0,0,0,0,0,0,0,0,0,0,0,0,0,0,0,0,0,0,0,0,0,0,0,0,0,0,0,0,0,0
Dominican Republic,DOM,Electricity production from nuclear sources (% of total),EG.ELC.NUCL.ZS,0,0,0,0,0,0,0,0,0,0,0,0,0,0,0,0,0,0,0,0,0,0,0,0,0,0,0,0,0,0,0,0,0,0,0,0,0,0,0,0,0,0,0,0,0,0,0,0,0,0,0,0,0,0,0,0
Algeria,DZA,Electricity production from nuclear sources (% of total),EG.ELC.NUCL.ZS,0,0,0,0,0,0,0,0,0,0,0,0,0,0,0,0,0,0,0,0,0,0,0,0,0,0,0,0,0,0,0,0,0,0,0,0,0,0,0,0,0,0,0,0,0,0,0,0,0,0,0,0,0,0,0,0
East Asia & Pacific (excluding high income),EAP,Electricity production from nuclear sources (% of total),EG.ELC.NUCL.ZS,0,0,0,0,0,0,0,0,0,0,0,0,0,0,0,0,0,0,0,0,0,0,0,0,0,0,0,0,0,0,0,0,0,0.152576607,1.264968703,1.00617142,1.041964798,0.992558098,0.946800176,0.947108007,0.972870375,0.935011896,1.216112233,1.842769256,1.88643587,1.771133954,1.61748118,1.618533636,1.690361265,1.619490723,1.518198136,1.598686568,1.698603398,1.793876697,2.040674329,0
Early-demographic dividend,EAR,Electricity production from nuclear sources (% of total),EG.ELC.NUCL.ZS,0,0,0,0,0,0,0,0,0,0,0,0.439399415,0.386145551,0.775498653,0.987684196,1.404832804,1.441291118,0.910619368,1.143260054,1.006390418,0.876628957,0.894535251,0.566777777,0.942005401,1.546627439,1.825139882,2.054112416,1.71424134,1.971982998,1.750828193,1.96643856,2.002059179,1.947650812,1.721614409,1.780567993,2.096202515,2.058962024,2.207194682,2.152574159,2.097603267,2.102210986,2.121919027,2.053703751,1.993266659,1.89482301,1.745876235,1.681550172,1.5803037,1.454049311,1.599696148,1.565459939,1.825471442,1.709732158,1.893491792,1.779698368,0.263741686
East Asia & Pacific,EAS,Electricity production from nuclear sources (% of total),EG.ELC.NUCL.ZS,0,0,0,0,0,0,0,0,0,0,0,1.198724972,1.286344986,1.189735867,2.404164721,2.855372683,3.632041279,3.182634112,5.955859263,6.932815832,8.022990293,8.39987768,9.62811762,10.74291091,12.16240443,13.81000196,14.35407521,15.43724569,13.77170835,13.3244729,13.72529869,13.73509601,13.43009095,13.82924171,14.06456039,14.23399097,14.21297461,14.18614823,14.70560442,14.07619361,13.49567632,12.84014319,11.86994394,10.43989754,10.64145516,10.67267967,9.895930246,8.43157241,8.345255131,8.338063186,7.726835695,5.032888023,3.814975944,3.557551171,3.784423601,1.945801147
Europe & Central Asia (excluding high income),ECA,Electricity production from nuclear sources (% of total),EG.ELC.NUCL.ZS,0,0,0,0,0,0,0,0,0,0,0,0,0,0,0,0,0,0,0,0,0,0,0,0,0,0,0,0,0,0,11.32257576,11.5370901,12.12308408,13.05100035,12.33090526,12.92037292,14.57512738,14.61031282,14.12889211,14.82629805,15.46349816,15.67657819,16.07976198,16.05747974,15.61445865,15.75986711,15.609734,15.36858116,15.11935363,15.40395017,15.26504342,15.1348854,15.06965908,14.3354666,15.07995875,0
Europe & Central Asia,ECS,Electricity production from nuclear sources (% of total),EG.ELC.NUCL.ZS,0,0,0,0,0,0,0,0,0,0,0,2.085733441,2.58731019,2.643642684,3.026346819,3.992382546,4.33900073,5.000030247,5.361139243,5.724264591,6.589380185,8.828563038,9.616939575,10.9650053,13.35062054,15.35751475,16.2758505,16.25466395,17.05431022,17.59970107,22.17232814,22.74971092,23.50124744,24.78576758,24.55414873,24.86053119,26.03711248,26.21850959,25.59753998,25.76400036,25.33156957,25.70067371,25.90205124,25.59920468,25.26990433,24.72162809,24.30261132,23.0535672,22.86799325,23.01729232,22.65247425,22.64275636,21.99594108,21.81387322,22.36541722,16.07664658
Ecuador,ECU,Electricity production from nuclear sources (% of total),EG.ELC.NUCL.ZS,0,0,0,0,0,0,0,0,0,0,0,0,0,0,0,0,0,0,0,0,0,0,0,0,0,0,0,0,0,0,0,0,0,0,0,0,0,0,0,0,0,0,0,0,0,0,0,0,0,0,0,0,0,0,0,0
"Egypt, Arab Rep.",EGY,Electricity production from nuclear sources (% of total),EG.ELC.NUCL.ZS,0,0,0,0,0,0,0,0,0,0,0,0,0,0,0,0,0,0,0,0,0,0,0,0,0,0,0,0,0,0,0,0,0,0,0,0,0,0,0,0,0,0,0,0,0,0,0,0,0,0,0,0,0,0,0,0
Euro area,EMU,Electricity production from nuclear sources (% of total),EG.ELC.NUCL.ZS,0.041654302,0.078231038,0.140972197,0.201689964,0.665598313,0.909368498,1.044917973,1.274758567,1.278524067,1.836913548,2.047328145,2.517595827,3.509424358,3.753769289,4.160332517,6.1483661,6.213864672,7.467875928,8.569837129,9.5954484,11.4084032,16.2633426,17.76611182,20.89910025,26.26125805,30.51759713,32.3303559,32.41781158,33.59243009,34.73560653,35.4995608,35.47745588,36.34200805,37.69817371,36.11514275,36.41334423,36.93655195,37.06847371,35.73814759,35.88857815,35.85755309,35.58923537,35.66450283,34.73379984,34.30730284,33.78918698,33.27461803,31.36909847,31.56990287,31.06791269,30.66085386,30.53137035,29.21658411,29.05278782,30.09943985,29.04817842
Eritrea,ERI,Electricity production from nuclear sources (% of total),EG.ELC.NUCL.ZS,0,0,0,0,0,0,0,0,0,0,0,0,0,0,0,0,0,0,0,0,0,0,0,0,0,0,0,0,0,0,0,0,0,0,0,0,0,0,0,0,0,0,0,0,0,0,0,0,0,0,0,0,0,0,0,0
Spain,ESP,Electricity production from nuclear sources (% of total),EG.ELC.NUCL.ZS,0,0,0,0,0,0,0,0,0.181179193,1.593127835,1.639344262,4.096776813,6.995509092,8.650541898,9.020180828,9.189018003,8.46546025,7.038591419,7.782231809,6.399052558,4.747953784,8.698498127,7.72734481,9.240063097,19.54684775,22.32500378,29.21202857,31.12302611,36.41545922,38.12907609,35.89011018,35.91493321,35.59795788,36.06559486,34.37682565,33.48812773,32.49214086,29.23546237,30.50436419,28.59155545,28.15757669,27.3346291,26.26575024,24.04658917,22.9913393,19.87907893,20.34156342,18.25575886,18.96372091,18.07694548,20.77969965,19.79810176,20.91228882,20.15527012,20.84204707,20.61866432
Estonia,EST,Electricity production from nuclear sources (% of total),EG.ELC.NUCL.ZS,0,0,0,0,0,0,0,0,0,0,0,0,0,0,0,0,0,0,0,0,0,0,0,0,0,0,0,0,0,0,0,0,0,0,0,0,0,0,0,0,0,0,0,0,0,0,0,0,0,0,0,0,0,0,0,0
Ethiopia,ETH,Electricity production from nuclear sources (% of total),EG.ELC.NUCL.ZS,0,0,0,0,0,0,0,0,0,0,0,0,0,0,0,0,0,0,0,0,0,0,0,0,0,0,0,0,0,0,0,0,0,0,0,0,0,0,0,0,0,0,0,0,0,0,0,0,0,0,0,0,0,0,0,0
European Union,EUU,Electricity production from nuclear sources (% of total),EG.ELC.NUCL.ZS,0.031040361,0.058165582,0.104943828,0.151187109,0.498018676,0.682169105,0.786593232,0.956872805,0.957148855,1.381250843,1.564864197,1.925342298,2.786191264,3.022449379,3.394884302,5.654875038,6.064905662,7.241884414,8.233095001,8.863022337,10.47372259,14.96462058,16.21499442,18.73351379,23.19341311,26.82928402,28.80531378,29.0289491,30.39413256,31.23473219,32.27662006,32.59605346,32.87139172,33.81241769,33.15220525,33.13092762,33.61221262,33.76471894,32.85037237,33.10829219,32.67972366,32.83053544,33.10700593,32.32026769,32.26305055,31.64034464,31.07237067,29.49361875,29.78487387,29.27049783,28.90236172,28.84252434,27.95115748,27.97017664,28.77238146,26.48026534
Fragile and conflict affected situations,FCS,Electricity production from nuclear sources (% of total),EG.ELC.NUCL.ZS,0,0,0,0,0,0,0,0,0,0,0,0,0,0,0,0,0,0,0,0,0,0,0,0,0,0,0,0,0,0,0,0,0,0,0,0.137411095,1.01227641,0.680139317,0.63622386,0.808979492,0.745145466,0.702150436,0.761718073,0.667836696,0.678098291,0.799119429,0.738993767,0.699777112,0.648450636,0.647408052,0.604719863,0.606822511,0.547114624,0.535110127,0.533319181,0
Finland,FIN,Electricity production from nuclear sources (% of total),EG.ELC.NUCL.ZS,0,0,0,0,0,0,0,0,0,0,0,0,0,0,0,0,0,8.03673938,9.134669204,17.18013404,17.23317054,35.84785744,40.7431694,41.99350665,41.66096231,38.33574704,38.68590915,36.78888431,36.29310665,35.47206273,35.33847031,33.64777705,33.36509311,32.62659834,29.6003413,30.00858905,28.07432286,30.20411703,31.1442701,33.07657975,32.12387104,30.5735306,29.74451337,26.95609895,26.46164599,32.97016236,27.82826319,28.83008185,29.64924062,32.64371644,28.26189355,31.54650957,32.64688756,33.12797339,34.62860164,33.89798388
Fiji,FJI,Electricity production from nuclear sources (% of total),EG.ELC.NUCL.ZS,0,0,0,0,0,0,0,0,0,0,0,0,0,0,0,0,0,0,0,0,0,0,0,0,0,0,0,0,0,0,0,0,0,0,0,0,0,0,0,0,0,0,0,0,0,0,0,0,0,0,0,0,0,0,0,0
France,FRA,Electricity production from nuclear sources (% of total),EG.ELC.NUCL.ZS,0.194513649,0.339241901,0.542717489,0.505094299,0.663351597,0.9922916,1.449288441,2.499016135,2.870793991,3.604887984,3.889744044,5.990413798,8.5233147,8.076906218,7.864723544,9.848133237,7.664543834,8.546448087,13.47940481,16.61752658,23.80454553,38.21282154,39.1136504,48.84259494,59.26924591,65.42034249,70.48642023,70.53410618,70.60440968,75.31732146,75.28325811,73.36828959,73.57324064,78.39558483,75.85046556,76.79768567,78.03833765,78.94266181,76.48649821,75.6362269,77.57369428,77.221128,78.89023355,78.55153303,78.81714758,79.04781079,79.05965945,77.99922662,77.25834297,77.21209129,75.94052651,79.5116603,75.96277983,74.70448631,78.23558829,77.62780083
Faroe Islands,FRO,Electricity production from nuclear sources (% of total),EG.ELC.NUCL.ZS,0,0,0,0,0,0,0,0,0,0,0,0,0,0,0,0,0,0,0,0,0,0,0,0,0,0,0,0,0,0,0,0,0,0,0,0,0,0,0,0,0,0,0,0,0,0,0,0,0,0,0,0,0,0,0,0
"Micronesia, Fed. Sts.",FSM,Electricity production from nuclear sources (% of total),EG.ELC.NUCL.ZS,0,0,0,0,0,0,0,0,0,0,0,0,0,0,0,0,0,0,0,0,0,0,0,0,0,0,0,0,0,0,0,0,0,0,0,0,0,0,0,0,0,0,0,0,0,0,0,0,0,0,0,0,0,0,0,0
Gabon,GAB,Electricity production from nuclear sources (% of total),EG.ELC.NUCL.ZS,0,0,0,0,0,0,0,0,0,0,0,0,0,0,0,0,0,0,0,0,0,0,0,0,0,0,0,0,0,0,0,0,0,0,0,0,0,0,0,0,0,0,0,0,0,0,0,0,0,0,0,0,0,0,0,0
United Kingdom,GBR,Electricity production from nuclear sources (% of total),EG.ELC.NUCL.ZS,1.602905988,1.737735325,2.299703264,3.652064148,4.45826825,7.7335786,10.02037084,11.21523696,11.76460019,12.24248742,10.48811761,10.7712038,11.18024714,9.950880036,12.34095198,11.20351564,13.13394774,14.20544493,12.99439367,12.82726984,13.03300935,13.72223045,16.18545621,18.11827976,19.25098789,20.72991561,19.73543118,18.31231518,20.69032977,22.94203246,20.6917279,21.95194055,24.05134243,27.77827864,27.16168652,26.75697542,27.1020546,28.1075663,27.55241928,26.04599589,22.72133556,23.56211817,22.84169061,22.42580867,20.44556556,20.6405244,19.17774445,16.03884256,13.63874958,18.52140745,16.41839156,18.95612172,19.55754204,19.86283065,19.01262478,20.91385318
Georgia,GEO,Electricity production from nuclear sources (% of total),EG.ELC.NUCL.ZS,0,0,0,0,0,0,0,0,0,0,0,0,0,0,0,0,0,0,0,0,0,0,0,0,0,0,0,0,0,0,0,0,0,0,0,0,0,0,0,0,0,0,0,0,0,0,0,0,0,0,0,0,0,0,0,0
Ghana,GHA,Electricity production from nuclear sources (% of total),EG.ELC.NUCL.ZS,0,0,0,0,0,0,0,0,0,0,0,0,0,0,0,0,0,0,0,0,0,0,0,0,0,0,0,0,0,0,0,0,0,0,0,0,0,0,0,0,0,0,0,0,0,0,0,0,0,0,0,0,0,0,0,0
Gibraltar,GIB,Electricity production from nuclear sources (% of total),EG.ELC.NUCL.ZS,0,0,0,0,0,0,0,0,0,0,0,0,0,0,0,0,0,0,0,0,0,0,0,0,0,0,0,0,0,0,0,0,0,0,0,0,0,0,0,0,0,0,0,0,0,0,0,0,0,0,0,0,0,0,0,0
Guinea,GIN,Electricity production from nuclear sources (% of total),EG.ELC.NUCL.ZS,0,0,0,0,0,0,0,0,0,0,0,0,0,0,0,0,0,0,0,0,0,0,0,0,0,0,0,0,0,0,0,0,0,0,0,0,0,0,0,0,0,0,0,0,0,0,0,0,0,0,0,0,0,0,0,0
"Gambia, The",GMB,Electricity production from nuclear sources (% of total),EG.ELC.NUCL.ZS,0,0,0,0,0,0,0,0,0,0,0,0,0,0,0,0,0,0,0,0,0,0,0,0,0,0,0,0,0,0,0,0,0,0,0,0,0,0,0,0,0,0,0,0,0,0,0,0,0,0,0,0,0,0,0,0
Guinea-Bissau,GNB,Electricity production from nuclear sources (% of total),EG.ELC.NUCL.ZS,0,0,0,0,0,0,0,0,0,0,0,0,0,0,0,0,0,0,0,0,0,0,0,0,0,0,0,0,0,0,0,0,0,0,0,0,0,0,0,0,0,0,0,0,0,0,0,0,0,0,0,0,0,0,0,0
Equatorial Guinea,GNQ,Electricity production from nuclear sources (% of total),EG.ELC.NUCL.ZS,0,0,0,0,0,0,0,0,0,0,0,0,0,0,0,0,0,0,0,0,0,0,0,0,0,0,0,0,0,0,0,0,0,0,0,0,0,0,0,0,0,0,0,0,0,0,0,0,0,0,0,0,0,0,0,0
Greece,GRC,Electricity production from nuclear sources (% of total),EG.ELC.NUCL.ZS,0,0,0,0,0,0,0,0,0,0,0,0,0,0,0,0,0,0,0,0,0,0,0,0,0,0,0,0,0,0,0,0,0,0,0,0,0,0,0,0,0,0,0,0,0,0,0,0,0,0,0,0,0,0,0,0
Grenada,GRD,Electricity production from nuclear sources (% of total),EG.ELC.NUCL.ZS,0,0,0,0,0,0,0,0,0,0,0,0,0,0,0,0,0,0,0,0,0,0,0,0,0,0,0,0,0,0,0,0,0,0,0,0,0,0,0,0,0,0,0,0,0,0,0,0,0,0,0,0,0,0,0,0
Greenland,GRL,Electricity production from nuclear sources (% of total),EG.ELC.NUCL.ZS,0,0,0,0,0,0,0,0,0,0,0,0,0,0,0,0,0,0,0,0,0,0,0,0,0,0,0,0,0,0,0,0,0,0,0,0,0,0,0,0,0,0,0,0,0,0,0,0,0,0,0,0,0,0,0,0
Guatemala,GTM,Electricity production from nuclear sources (% of total),EG.ELC.NUCL.ZS,0,0,0,0,0,0,0,0,0,0,0,0,0,0,0,0,0,0,0,0,0,0,0,0,0,0,0,0,0,0,0,0,0,0,0,0,0,0,0,0,0,0,0,0,0,0,0,0,0,0,0,0,0,0,0,0
Guam,GUM,Electricity production from nuclear sources (% of total),EG.ELC.NUCL.ZS,0,0,0,0,0,0,0,0,0,0,0,0,0,0,0,0,0,0,0,0,0,0,0,0,0,0,0,0,0,0,0,0,0,0,0,0,0,0,0,0,0,0,0,0,0,0,0,0,0,0,0,0,0,0,0,0
Guyana,GUY,Electricity production from nuclear sources (% of total),EG.ELC.NUCL.ZS,0,0,0,0,0,0,0,0,0,0,0,0,0,0,0,0,0,0,0,0,0,0,0,0,0,0,0,0,0,0,0,0,0,0,0,0,0,0,0,0,0,0,0,0,0,0,0,0,0,0,0,0,0,0,0,0
High income,HIC,Electricity production from nuclear sources (% of total),EG.ELC.NUCL.ZS,0.166956242,0.251042734,0.336196931,0.500410704,0.647665601,0.954352247,1.212541632,1.36463124,1.586890138,1.732443637,1.976166351,2.642660439,3.338259259,4.118781446,5.232026352,7.100136788,7.62740242,9.112208768,10.23061241,10.1766282,10.77279168,12.5379922,13.56675993,14.7919229,16.90062935,19.41355668,20.80036495,21.5427091,22.33089054,21.82332878,22.46668002,23.15065013,23.18001341,23.38329332,23.51739382,23.68601147,23.70013943,23.0732769,23.10095189,23.35069327,22.80184256,23.31053575,22.69759395,21.92390148,22.29391546,21.93609377,21.83871723,20.73702907,20.73869515,21.12024393,20.52723559,18.85381215,17.64034304,17.65794698,17.80769345,17.15014225
"Hong Kong SAR, China",HKG,Electricity production from nuclear sources (% of total),EG.ELC.NUCL.ZS,0,0,0,0,0,0,0,0,0,0,0,0,0,0,0,0,0,0,0,0,0,0,0,0,0,0,0,0,0,0,0,0,0,0,0,0,0,0,0,0,0,0,0,0,0,0,0,0,0,0,0,0,0,0,0,0
Honduras,HND,Electricity production from nuclear sources (% of total),EG.ELC.NUCL.ZS,0,0,0,0,0,0,0,0,0,0,0,0,0,0,0,0,0,0,0,0,0,0,0,0,0,0,0,0,0,0,0,0,0,0,0,0,0,0,0,0,0,0,0,0,0,0,0,0,0,0,0,0,0,0,0,0
Heavily indebted poor countries (HIPC),HPC,Electricity production from nuclear sources (% of total),EG.ELC.NUCL.ZS,0,0,0,0,0,0,0,0,0,0,0,0,0,0,0,0,0,0,0,0,0,0,0,0,0,0,0,0,0,0,0,0,0,0,0,0,0,0,0,0,0,0,0,0,0,0,0,0,0,0,0,0,0,0,0,0
Croatia,HRV,Electricity production from nuclear sources (% of total),EG.ELC.NUCL.ZS,0,0,0,0,0,0,0,0,0,0,0,0,0,0,0,0,0,0,0,0,0,0,0,0,0,0,0,0,0,0,0,0,0,0,0,0,0,0,0,0,0,0,0,0,0,0,0,0,0,0,0,0,0,0,0,0
Haiti,HTI,Electricity production from nuclear sources (% of total),EG.ELC.NUCL.ZS,0,0,0,0,0,0,0,0,0,0,0,0,0,0,0,0,0,0,0,0,0,0,0,0,0,0,0,0,0,0,0,0,0,0,0,0,0,0,0,0,0,0,0,0,0,0,0,0,0,0,0,0,0,0,0,0
Hungary,HUN,Electricity production from nuclear sources (% of total),EG.ELC.NUCL.ZS,0,0,0,0,0,0,0,0,0,0,0,0,0,0,0,0,0,0,0,0,0,0,0,9.58898798,14.31775843,24.18271384,26.45381984,36.9289724,45.99254267,46.95919678,48.28738219,45.80983213,44.07132713,41.91402096,41.91854394,41.23111294,40.41037333,39.46097127,37.50739446,37.25946289,40.29439345,38.79170671,38.59003789,32.25362425,35.34769194,38.69001007,37.53869322,36.72922923,37.02186134,42.95978612,42.17441332,43.54646159,45.59838314,50.73611936,53.24237888,52.18508997
IBRD only,IBD,Electricity production from nuclear sources (% of total),EG.ELC.NUCL.ZS,0,0,0,0,0,0,0,0,0,0,0,0.112776131,0.098227597,0.190466234,0.312283407,0.52343508,0.680614368,0.572131253,0.617521002,0.581367313,0.529971503,0.658021834,0.607675655,0.750911852,0.97146946,1.10253137,1.001995186,0.915832713,1.074647264,0.985962412,5.99144767,5.856728576,5.746146536,5.668530888,5.297086307,5.379924426,5.731008491,5.708684793,5.419457186,5.512902785,5.615983792,5.718247001,5.702732918,5.712117101,5.373479582,5.141155834,4.943821746,4.673206255,4.626192551,4.477409766,4.302376061,4.268935138,4.210766858,4.066285824,4.204937033,0.091654217
IDA & IBRD total,IBT,Electricity production from nuclear sources (% of total),EG.ELC.NUCL.ZS,0,0,0,0,0,0,0,0,0,0,0,0.115808182,0.101039784,0.202135202,0.325671184,0.530553291,0.675540096,0.560612825,0.593647846,0.551674131,0.499712457,0.626055353,0.57926924,0.716726475,0.929342083,1.051587336,0.958503388,0.878698306,1.019412081,0.9299449,5.643700053,5.520172264,5.420096706,5.350245143,4.998398108,5.076024785,5.40763261,5.390207004,5.114837099,5.202431916,5.331676598,5.42756375,5.401738498,5.421659617,5.113899131,4.891601851,4.70766374,4.471728542,4.418033828,4.28878769,4.129585097,4.118870035,4.059569584,3.927058186,4.058548429,0.087607402
IDA total,IDA,Electricity production from nuclear sources (% of total),EG.ELC.NUCL.ZS,0,0,0,0,0,0,0,0,0,0,0,0.172624328,0.150527702,0.400266037,0.542771571,0.653254079,0.607260611,0.38851237,0.207416869,0.084492653,0.001557545,0.109769337,0.125061584,0.152100408,0.208410841,0.202477853,0.234854359,0.258240515,0.118300019,0.013236679,0.120587695,0.155424599,0.232760925,0.1982536,0.198285988,0.180324403,0.126189143,0.133806796,0.098642179,0.132053857,0.635357507,0.691435631,0.498296859,0.489324275,0.720549804,0.608186313,0.534323519,0.71317952,0.376070525,0.650275628,0.724880057,1.081942117,0.920198353,0.995545425,0.962654652,0
IDA blend,IDB,Electricity production from nuclear sources (% of total),EG.ELC.NUCL.ZS,0,0,0,0,0,0,0,0,0,0,0,0.364356912,0.336391759,0.87071612,1.257330995,1.437991937,1.351856025,0.892018555,0.463231961,0.182856852,0.003501324,0.244896273,0.277208475,0.322506827,0.42904579,0.420847198,0.481402534,0.506304114,0.226508937,0.025270951,0.229342837,0.297235759,0.433943451,0.372895518,0.375949514,0.344366659,0.245896811,0.258967186,0.194101434,0.270597741,1.333385564,1.452634257,1.026721931,1.008956502,1.502163549,1.28846744,1.14929126,1.584617905,0.855415954,1.505281112,1.692415485,2.556102578,2.183870463,2.307249824,2.232458316,0
Indonesia,IDN,Electricity production from nuclear sources (% of total),EG.ELC.NUCL.ZS,0,0,0,0,0,0,0,0,0,0,0,0,0,0,0,0,0,0,0,0,0,0,0,0,0,0,0,0,0,0,0,0,0,0,0,0,0,0,0,0,0,0,0,0,0,0,0,0,0,0,0,0,0,0,0,0
IDA only,IDX,Electricity production from nuclear sources (% of total),EG.ELC.NUCL.ZS,0,0,0,0,0,0,0,0,0,0,0,0,0,0,0,0,0,0,0,0,0,0,0,0,0,0,0,0,0,0,0,0,0,0,0,0,0,0,0,0,0,0,0,0,0,0,0,0,0,0,0,0,0,0,0,0
Isle of Man,IMN,Electricity production from nuclear sources (% of total),EG.ELC.NUCL.ZS,0,0,0,0,0,0,0,0,0,0,0,0,0,0,0,0,0,0,0,0,0,0,0,0,0,0,0,0,0,0,0,0,0,0,0,0,0,0,0,0,0,0,0,0,0,0,0,0,0,0,0,0,0,0,0,0
India,IND,Electricity production from nuclear sources (% of total),EG.ELC.NUCL.ZS,0,0,0,0,0,0,0,0,0,0,0,1.792600627,1.606727551,3.291389637,2.876966014,3.056118055,3.401139988,2.296619764,2.515232137,2.55005717,2.492338613,2.282929041,1.429157066,2.333739182,2.370826328,2.677256752,2.462114712,2.269183274,2.38089391,1.701506155,2.097823265,1.730586113,1.99477432,1.495933157,1.445192458,1.884057971,2.047486519,2.133164649,2.366645426,2.427579383,2.966887138,3.311111905,3.176074771,2.731866812,2.487021028,2.420716098,2.429877072,2.058980309,1.759522841,2.031610091,2.681802217,3.00473879,2.926497419,2.874003318,2.790639431,0
Not classified,INX,Electricity production from nuclear sources (% of total),EG.ELC.NUCL.ZS,0,0,0,0,0,0,0,0,0,0,0,0,0,0,0,0,0,0,0,0,0,0,0,0,0,0,0,0,0,0,0,0,0,0,0,0,0,0,0,0,0,0,0,0,0,0,0,0,0,0,0,0,0,0,0,0
Ireland,IRL,Electricity production from nuclear sources (% of total),EG.ELC.NUCL.ZS,0,0,0,0,0,0,0,0,0,0,0,0,0,0,0,0,0,0,0,0,0,0,0,0,0,0,0,0,0,0,0,0,0,0,0,0,0,0,0,0,0,0,0,0,0,0,0,0,0,0,0,0,0,0,0,0
"Iran, Islamic Rep.",IRN,Electricity production from nuclear sources (% of total),EG.ELC.NUCL.ZS,0,0,0,0,0,0,0,0,0,0,0,0,0,0,0,0,0,0,0,0,0,0,0,0,0,0,0,0,0,0,0,0,0,0,0,0,0,0,0,0,0,0,0,0,0,0,0,0,0,0,0,0.136220486,0.726376064,1.73224506,1.628497245,0
Iraq,IRQ,Electricity production from nuclear sources (% of total),EG.ELC.NUCL.ZS,0,0,0,0,0,0,0,0,0,0,0,0,0,0,0,0,0,0,0,0,0,0,0,0,0,0,0,0,0,0,0,0,0,0,0,0,0,0,0,0,0,0,0,0,0,0,0,0,0,0,0,0,0,0,0,0
Iceland,ISL,Electricity production from nuclear sources (% of total),EG.ELC.NUCL.ZS,0,0,0,0,0,0,0,0,0,0,0,0,0,0,0,0,0,0,0,0,0,0,0,0,0,0,0,0,0,0,0,0,0,0,0,0,0,0,0,0,0,0,0,0,0,0,0,0,0,0,0,0,0,0,0,0
Israel,ISR,Electricity production from nuclear sources (% of total),EG.ELC.NUCL.ZS,0,0,0,0,0,0,0,0,0,0,0,0,0,0,0,0,0,0,0,0,0,0,0,0,0,0,0,0,0,0,0,0,0,0,0,0,0,0,0,0,0,0,0,0,0,0,0,0,0,0,0,0,0,0,0,0
Italy,ITA,Electricity production from nuclear sources (% of total),EG.ELC.NUCL.ZS,0,0,0,0.454763045,3.146747749,4.249703368,4.321415787,3.275826232,2.495858,1.531766595,2.726273863,2.715461588,2.708112387,2.183217988,2.314155028,2.606703343,2.353152062,2.052037488,2.557778176,1.468164627,1.203440269,1.512679236,3.742039092,3.21083344,3.833864036,3.85432157,4.636438233,0.08774938,0,0,0,0,0,0,0,0,0,0,0,0,0,0,0,0,0,0,0,0,0,0,0,0,0,0,0,0
Jamaica,JAM,Electricity production from nuclear sources (% of total),EG.ELC.NUCL.ZS,0,0,0,0,0,0,0,0,0,0,0,0,0,0,0,0,0,0,0,0,0,0,0,0,0,0,0,0,0,0,0,0,0,0,0,0,0,0,0,0,0,0,0,0,0,0,0,0,0,0,0,0,0,0,0,0
Jordan,JOR,Electricity production from nuclear sources (% of total),EG.ELC.NUCL.ZS,0,0,0,0,0,0,0,0,0,0,0,0,0,0,0,0,0,0,0,0,0,0,0,0,0,0,0,0,0,0,0,0,0,0,0,0,0,0,0,0,0,0,0,0,0,0,0,0,0,0,0,0,0,0,0,0
Japan,JPN,Electricity production from nuclear sources (% of total),EG.ELC.NUCL.ZS,0,0,0,0,0,0,0.279264603,0.246153846,0.367714653,0.349705929,1.296505073,2.08931836,2.231618511,2.085790965,4.310729666,5.310200234,6.721802316,5.980493831,10.63391493,12.02600198,14.42559442,15.13417753,17.69958909,18.602293,20.86921921,23.9268541,25.07867633,26.33311408,23.88058305,23.04050095,23.18152281,23.69326841,24.68432028,27.27229956,27.61648907,29.13073092,29.6545762,30.62836821,31.73279914,29.64727518,29.59758917,29.85069891,27.02754191,22.20327851,25.44655487,26.98463296,26.84276037,22.87438388,23.4420791,26.18477324,25.281914,9.471487621,1.508472202,0.878001822,0,0.911553166
Kazakhstan,KAZ,Electricity production from nuclear sources (% of total),EG.ELC.NUCL.ZS,0,0,0,0,0,0,0,0,0,0,0,0,0,0,0,0,0,0,0,0,0,0,0,0,0,0,0,0,0,0,0,0,0,0,0,0,0,0,0,0,0,0,0,0,0,0,0,0,0,0,0,0,0,0,0,0
Kenya,KEN,Electricity production from nuclear sources (% of total),EG.ELC.NUCL.ZS,0,0,0,0,0,0,0,0,0,0,0,0,0,0,0,0,0,0,0,0,0,0,0,0,0,0,0,0,0,0,0,0,0,0,0,0,0,0,0,0,0,0,0,0,0,0,0,0,0,0,0,0,0,0,0,0
Kyrgyz Republic,KGZ,Electricity production from nuclear sources (% of total),EG.ELC.NUCL.ZS,0,0,0,0,0,0,0,0,0,0,0,0,0,0,0,0,0,0,0,0,0,0,0,0,0,0,0,0,0,0,0,0,0,0,0,0,0,0,0,0,0,0,0,0,0,0,0,0,0,0,0,0,0,0,0,0
Cambodia,KHM,Electricity production from nuclear sources (% of total),EG.ELC.NUCL.ZS,0,0,0,0,0,0,0,0,0,0,0,0,0,0,0,0,0,0,0,0,0,0,0,0,0,0,0,0,0,0,0,0,0,0,0,0,0,0,0,0,0,0,0,0,0,0,0,0,0,0,0,0,0,0,0,0
Kiribati,KIR,Electricity production from nuclear sources (% of total),EG.ELC.NUCL.ZS,0,0,0,0,0,0,0,0,0,0,0,0,0,0,0,0,0,0,0,0,0,0,0,0,0,0,0,0,0,0,0,0,0,0,0,0,0,0,0,0,0,0,0,0,0,0,0,0,0,0,0,0,0,0,0,0
St. Kitts and Nevis,KNA,Electricity production from nuclear sources (% of total),EG.ELC.NUCL.ZS,0,0,0,0,0,0,0,0,0,0,0,0,0,0,0,0,0,0,0,0,0,0,0,0,0,0,0,0,0,0,0,0,0,0,0,0,0,0,0,0,0,0,0,0,0,0,0,0,0,0,0,0,0,0,0,0
"Korea, Rep.",KOR,Electricity production from nuclear sources (% of total),EG.ELC.NUCL.ZS,0,0,0,0,0,0,0,0,0,0,0,0,0,0,0,0,0,0.267047805,7.375436369,8.853932584,9.336985419,7.205213023,8.758870182,18.35209826,21.91495688,28.86720568,44.30863135,54.08298025,47.59084759,50.55232403,50.19122909,49.72054214,45.44066107,40.64599574,36.25714003,37.00417911,36.48675995,34.70560163,41.50942523,43.74607379,37.76574728,36.2729146,36.11326727,37.78420763,35.65486127,37.84192805,36.97740324,33.56077059,34.00445109,32.71615051,29.91556577,29.75139072,28.31363538,25.80150997,28.65300275,29.99894397
Kuwait,KWT,Electricity production from nuclear sources (% of total),EG.ELC.NUCL.ZS,0,0,0,0,0,0,0,0,0,0,0,0,0,0,0,0,0,0,0,0,0,0,0,0,0,0,0,0,0,0,0,0,0,0,0,0,0,0,0,0,0,0,0,0,0,0,0,0,0,0,0,0,0,0,0,0
Latin America & Caribbean (excluding high income),LAC,Electricity production from nuclear sources (% of total),EG.ELC.NUCL.ZS,0,0,0,0,0,0,0,0,0,0,0,0,0,0,0.576087366,1.305784723,1.216960361,0.700930181,1.134561875,0.951889258,0.764498194,0.889760649,0.554738309,0.961216316,1.638572063,2.232650571,1.332614973,1.60766386,1.324666918,1.43580348,2.439647876,2.486739696,2.316364675,2.257160055,2.032971747,2.773005079,2.604463583,2.983506103,2.627052892,2.661916686,2.448608127,3.674117604,3.482387116,3.503973187,3.065412856,2.827399108,3.191559182,2.843397276,2.833167198,2.87306896,2.359814766,2.611865206,2.45452007,2.577426575,2.332379378,0.867039904
Lao PDR,LAO,Electricity production from nuclear sources (% of total),EG.ELC.NUCL.ZS,0,0,0,0,0,0,0,0,0,0,0,0,0,0,0,0,0,0,0,0,0,0,0,0,0,0,0,0,0,0,0,0,0,0,0,0,0,0,0,0,0,0,0,0,0,0,0,0,0,0,0,0,0,0,0,0
Lebanon,LBN,Electricity production from nuclear sources (% of total),EG.ELC.NUCL.ZS,0,0,0,0,0,0,0,0,0,0,0,0,0,0,0,0,0,0,0,0,0,0,0,0,0,0,0,0,0,0,0,0,0,0,0,0,0,0,0,0,0,0,0,0,0,0,0,0,0,0,0,0,0,0,0,0
Liberia,LBR,Electricity production from nuclear sources (% of total),EG.ELC.NUCL.ZS,0,0,0,0,0,0,0,0,0,0,0,0,0,0,0,0,0,0,0,0,0,0,0,0,0,0,0,0,0,0,0,0,0,0,0,0,0,0,0,0,0,0,0,0,0,0,0,0,0,0,0,0,0,0,0,0
Libya,LBY,Electricity production from nuclear sources (% of total),EG.ELC.NUCL.ZS,0,0,0,0,0,0,0,0,0,0,0,0,0,0,0,0,0,0,0,0,0,0,0,0,0,0,0,0,0,0,0,0,0,0,0,0,0,0,0,0,0,0,0,0,0,0,0,0,0,0,0,0,0,0,0,0
St. Lucia,LCA,Electricity production from nuclear sources (% of total),EG.ELC.NUCL.ZS,0,0,0,0,0,0,0,0,0,0,0,0,0,0,0,0,0,0,0,0,0,0,0,0,0,0,0,0,0,0,0,0,0,0,0,0,0,0,0,0,0,0,0,0,0,0,0,0,0,0,0,0,0,0,0,0
Latin America & Caribbean,LCN,Electricity production from nuclear sources (% of total),EG.ELC.NUCL.ZS,0,0,0,0,0,0,0,0,0,0,0,0,0,0,0.479407617,1.094636409,1.022421867,0.589997651,0.955470216,0.796633369,0.634015536,0.734248832,0.459546454,0.790551074,1.356902944,1.859090323,1.111196712,1.337589582,1.100396962,1.202381199,2.032339417,2.071266361,1.909021624,1.868651882,1.690661743,2.312325663,2.17159065,2.491100178,2.190431392,2.231247344,2.052672196,3.041115897,2.886667131,2.922200892,2.552697055,2.346888874,2.651309685,2.354443742,2.35029024,2.380642591,1.977450039,2.190178529,2.055451572,2.155572729,1.949189586,0.727693226
Least developed countries: UN classification,LDC,Electricity production from nuclear sources (% of total),EG.ELC.NUCL.ZS,0,0,0,0,0,0,0,0,0,0,0,0,0,0,0,0,0,0,0,0,0,0,0,0,0,0,0,0,0,0,0,0,0,0,0,0,0,0,0,0,0,0,0,0,0,0,0,0,0,0,0,0,0,0,0,0
Low income,LIC,Electricity production from nuclear sources (% of total),EG.ELC.NUCL.ZS,0,0,0,0,0,0,0,0,0,0,0,0,0,0,0,0,0,0,0,0,0,0,0,0,0,0,0,0,0,0,0,0,0,0,0,0,0,0,0,0,0,0,0,0,0,0,0,0,0,0,0,0,0,0,0,0
Liechtenstein,LIE,Electricity production from nuclear sources (% of total),EG.ELC.NUCL.ZS,0,0,0,0,0,0,0,0,0,0,0,0,0,0,0,0,0,0,0,0,0,0,0,0,0,0,0,0,0,0,0,0,0,0,0,0,0,0,0,0,0,0,0,0,0,0,0,0,0,0,0,0,0,0,0,0
Sri Lanka,LKA,Electricity production from nuclear sources (% of total),EG.ELC.NUCL.ZS,0,0,0,0,0,0,0,0,0,0,0,0,0,0,0,0,0,0,0,0,0,0,0,0,0,0,0,0,0,0,0,0,0,0,0,0,0,0,0,0,0,0,0,0,0,0,0,0,0,0,0,0,0,0,0,0
Lower middle income,LMC,Electricity production from nuclear sources (% of total),EG.ELC.NUCL.ZS,0,0,0,0,0,0,0,0,0,0,0,0.600463286,0.531424913,1.061488537,0.986122716,1.076774674,1.171121749,0.769952267,0.786553367,0.727247066,0.689631079,0.666932075,0.429561421,0.680906436,0.721416961,0.806805079,0.759139103,0.703898996,0.709669143,0.500302621,8.258073844,7.916275778,7.850396933,7.72138477,6.939031729,6.972381323,7.590497895,7.314894941,6.843931696,6.321707998,6.780808219,6.604705564,6.377545569,6.121357238,6.126226447,5.921434424,5.711876885,5.506197049,5.063109018,4.762139172,5.045824803,5.074438518,4.872511134,4.560992498,4.543310308,0
Low & middle income,LMY,Electricity production from nuclear sources (% of total),EG.ELC.NUCL.ZS,0,0,0,0,0,0,0,0,0,0,0,0.134979768,0.117853811,0.235726702,0.380607144,0.615347278,0.783642807,0.6471602,0.682557054,0.629387876,0.569324266,0.706117313,0.647976692,0.80211901,1.034861651,1.162227445,1.054285575,0.961270888,1.106452653,1.001585369,6.009853402,5.868350286,5.76972737,5.699828296,5.320177099,5.403478537,5.730881825,5.618479715,5.330345062,5.412861031,5.541335485,5.646933837,5.609640763,5.63312218,5.294226803,5.05909005,4.8606667,4.583092048,4.484921393,4.339302558,4.173752749,4.164023139,4.104119813,3.967339828,4.10315437,0.090536459
Lesotho,LSO,Electricity production from nuclear sources (% of total),EG.ELC.NUCL.ZS,0,0,0,0,0,0,0,0,0,0,0,0,0,0,0,0,0,0,0,0,0,0,0,0,0,0,0,0,0,0,0,0,0,0,0,0,0,0,0,0,0,0,0,0,0,0,0,0,0,0,0,0,0,0,0,0
Late-demographic dividend,LTE,Electricity production from nuclear sources (% of total),EG.ELC.NUCL.ZS,0,0,0,0,0,0,0,0,0,0,0,0,0.000357693,0.025208929,0.050150935,0.017523316,0.038505388,0.009148804,0.001384685,0.144912193,0.285289666,0.317904628,0.343980053,0.340474257,0.458254215,0.618042503,0.537381532,0.53380593,0.485804139,0.535502636,4.956219372,4.901148939,4.838782224,4.761544831,4.432576691,4.308222122,4.623188478,4.623782136,4.444643313,4.905875005,5.090048797,5.306103744,5.343250658,5.494244919,5.035095303,4.786233154,4.599983757,4.358770023,4.421969448,4.253540577,4.029700792,3.949459305,3.958566762,3.828077956,4.025298513,0.165797979
Lithuania,LTU,Electricity production from nuclear sources (% of total),EG.ELC.NUCL.ZS,0,0,0,0,0,0,0,0,0,0,0,0,0,0,0,0,0,0,0,0,0,0,0,0,0,0,0,0,0,0,59.96479493,57.89599155,78.91956006,87.98622075,78.99538698,87.4408284,85.84446771,83.56964137,79.01824754,75.34571014,75.70362377,79.11154435,81.77402567,82.23921819,80.53540956,71.71002428,71.63202782,72.99925761,74.24026413,74.11049648,0,0,0,0,0,0
Luxembourg,LUX,Electricity production from nuclear sources (% of total),EG.ELC.NUCL.ZS,0,0,0,0,0,0,0,0,0,0,0,0,0,0,0,0,0,0,0,0,0,0,0,0,0,0,0,0,0,0,0,0,0,0,0,0,0,0,0,0,0,0,0,0,0,0,0,0,0,0,0,0,0,0,0,0
Latvia,LVA,Electricity production from nuclear sources (% of total),EG.ELC.NUCL.ZS,0,0,0,0,0,0,0,0,0,0,0,0,0,0,0,0,0,0,0,0,0,0,0,0,0,0,0,0,0,0,0,0,0,0,0,0,0,0,0,0,0,0,0,0,0,0,0,0,0,0,0,0,0,0,0,0
"Macao SAR, China",MAC,Electricity production from nuclear sources (% of total),EG.ELC.NUCL.ZS,0,0,0,0,0,0,0,0,0,0,0,0,0,0,0,0,0,0,0,0,0,0,0,0,0,0,0,0,0,0,0,0,0,0,0,0,0,0,0,0,0,0,0,0,0,0,0,0,0,0,0,0,0,0,0,0
St. Martin (French part),MAF,Electricity production from nuclear sources (% of total),EG.ELC.NUCL.ZS,0,0,0,0,0,0,0,0,0,0,0,0,0,0,0,0,0,0,0,0,0,0,0,0,0,0,0,0,0,0,0,0,0,0,0,0,0,0,0,0,0,0,0,0,0,0,0,0,0,0,0,0,0,0,0,0
Morocco,MAR,Electricity production from nuclear sources (% of total),EG.ELC.NUCL.ZS,0,0,0,0,0,0,0,0,0,0,0,0,0,0,0,0,0,0,0,0,0,0,0,0,0,0,0,0,0,0,0,0,0,0,0,0,0,0,0,0,0,0,0,0,0,0,0,0,0,0,0,0,0,0,0,0
Monaco,MCO,Electricity production from nuclear sources (% of total),EG.ELC.NUCL.ZS,0,0,0,0,0,0,0,0,0,0,0,0,0,0,0,0,0,0,0,0,0,0,0,0,0,0,0,0,0,0,0,0,0,0,0,0,0,0,0,0,0,0,0,0,0,0,0,0,0,0,0,0,0,0,0,0
Moldova,MDA,Electricity production from nuclear sources (% of total),EG.ELC.NUCL.ZS,0,0,0,0,0,0,0,0,0,0,0,0,0,0,0,0,0,0,0,0,0,0,0,0,0,0,0,0,0,0,0,0,0,0,0,0,0,0,0,0,0,0,0,0,0,0,0,0,0,0,0,0,0,0,0,0
Madagascar,MDG,Electricity production from nuclear sources (% of total),EG.ELC.NUCL.ZS,0,0,0,0,0,0,0,0,0,0,0,0,0,0,0,0,0,0,0,0,0,0,0,0,0,0,0,0,0,0,0,0,0,0,0,0,0,0,0,0,0,0,0,0,0,0,0,0,0,0,0,0,0,0,0,0
Maldives,MDV,Electricity production from nuclear sources (% of total),EG.ELC.NUCL.ZS,0,0,0,0,0,0,0,0,0,0,0,0,0,0,0,0,0,0,0,0,0,0,0,0,0,0,0,0,0,0,0,0,0,0,0,0,0,0,0,0,0,0,0,0,0,0,0,0,0,0,0,0,0,0,0,0
Middle East & North Africa,MEA,Electricity production from nuclear sources (% of total),EG.ELC.NUCL.ZS,0,0,0,0,0,0,0,0,0,0,0,0,0,0,0,0,0,0,0,0,0,0,0,0,0,0,0,0,0,0,0,0,0,0,0,0,0,0,0,0,0,0,0,0,0,0,0,0,0,0,0,0.027224962,0.145523542,0.347109974,0.321458976,0
Mexico,MEX,Electricity production from nuclear sources (% of total),EG.ELC.NUCL.ZS,0,0,0,0,0,0,0,0,0,0,0,0,0,0,0,0,0,0,0,0,0,0,0,0,0,0,0,0,0,0.316044348,2.535459309,3.299369993,2.949632707,3.634474066,2.881105953,5.545557249,4.995846307,6.242648947,5.082170441,5.222703775,3.997082776,4.077798755,4.466572878,4.445912022,3.8698055,4.308763479,4.214862569,3.92842064,3.640346806,3.92188352,2.133651742,3.332441511,2.854557527,3.968707748,3.209661156,3.720856983
Marshall Islands,MHL,Electricity production from nuclear sources (% of total),EG.ELC.NUCL.ZS,0,0,0,0,0,0,0,0,0,0,0,0,0,0,0,0,0,0,0,0,0,0,0,0,0,0,0,0,0,0,0,0,0,0,0,0,0,0,0,0,0,0,0,0,0,0,0,0,0,0,0,0,0,0,0,0
Middle income,MIC,Electricity production from nuclear sources (% of total),EG.ELC.NUCL.ZS,0,0,0,0,0,0,0,0,0,0,0,0.140217518,0.122667953,0.244783974,0.396497883,0.639427295,0.813632082,0.671680175,0.70616859,0.650131541,0.587377228,0.728171546,0.668060365,0.826210594,1.063518258,1.19415917,1.080766779,0.982746446,1.131198393,1.023218132,6.133297507,5.987304713,5.881863212,5.807586233,5.423556063,5.508460074,5.838591947,5.721206638,5.431395946,5.518439214,5.651826802,5.762136948,5.722121801,5.741622063,5.395590395,5.156468655,4.952640999,4.667210826,4.566965248,4.418851363,4.248648118,4.23293764,4.16826131,4.024982526,4.161847304,0.091765411
North Macedonia,MKD,Electricity production from nuclear sources (% of total),EG.ELC.NUCL.ZS,0,0,0,0,0,0,0,0,0,0,0,0,0,0,0,0,0,0,0,0,0,0,0,0,0,0,0,0,0,0,0,0,0,0,0,0,0,0,0,0,0,0,0,0,0,0,0,0,0,0,0,0,0,0,0,0
Mali,MLI,Electricity production from nuclear sources (% of total),EG.ELC.NUCL.ZS,0,0,0,0,0,0,0,0,0,0,0,0,0,0,0,0,0,0,0,0,0,0,0,0,0,0,0,0,0,0,0,0,0,0,0,0,0,0,0,0,0,0,0,0,0,0,0,0,0,0,0,0,0,0,0,0
Malta,MLT,Electricity production from nuclear sources (% of total),EG.ELC.NUCL.ZS,0,0,0,0,0,0,0,0,0,0,0,0,0,0,0,0,0,0,0,0,0,0,0,0,0,0,0,0,0,0,0,0,0,0,0,0,0,0,0,0,0,0,0,0,0,0,0,0,0,0,0,0,0,0,0,0
Myanmar,MMR,Electricity production from nuclear sources (% of total),EG.ELC.NUCL.ZS,0,0,0,0,0,0,0,0,0,0,0,0,0,0,0,0,0,0,0,0,0,0,0,0,0,0,0,0,0,0,0,0,0,0,0,0,0,0,0,0,0,0,0,0,0,0,0,0,0,0,0,0,0,0,0,0
Middle East & North Africa (excluding high income),MNA,Electricity production from nuclear sources (% of total),EG.ELC.NUCL.ZS,0,0,0,0,0,0,0,0,0,0,0,0,0,0,0,0,0,0,0,0,0,0,0,0,0,0,0,0,0,0,0,0,0,0,0,0,0,0,0,0,0,0,0,0,0,0,0,0,0,0,0,0.049743718,0.269988512,0.640407308,0.603253648,0
Montenegro,MNE,Electricity production from nuclear sources (% of total),EG.ELC.NUCL.ZS,0,0,0,0,0,0,0,0,0,0,0,0,0,0,0,0,0,0,0,0,0,0,0,0,0,0,0,0,0,0,0,0,0,0,0,0,0,0,0,0,0,0,0,0,0,0,0,0,0,0,0,0,0,0,0,0
Mongolia,MNG,Electricity production from nuclear sources (% of total),EG.ELC.NUCL.ZS,0,0,0,0,0,0,0,0,0,0,0,0,0,0,0,0,0,0,0,0,0,0,0,0,0,0,0,0,0,0,0,0,0,0,0,0,0,0,0,0,0,0,0,0,0,0,0,0,0,0,0,0,0,0,0,0
Northern Mariana Islands,MNP,Electricity production from nuclear sources (% of total),EG.ELC.NUCL.ZS,0,0,0,0,0,0,0,0,0,0,0,0,0,0,0,0,0,0,0,0,0,0,0,0,0,0,0,0,0,0,0,0,0,0,0,0,0,0,0,0,0,0,0,0,0,0,0,0,0,0,0,0,0,0,0,0
Mozambique,MOZ,Electricity production from nuclear sources (% of total),EG.ELC.NUCL.ZS,0,0,0,0,0,0,0,0,0,0,0,0,0,0,0,0,0,0,0,0,0,0,0,0,0,0,0,0,0,0,0,0,0,0,0,0,0,0,0,0,0,0,0,0,0,0,0,0,0,0,0,0,0,0,0,0
Mauritania,MRT,Electricity production from nuclear sources (% of total),EG.ELC.NUCL.ZS,0,0,0,0,0,0,0,0,0,0,0,0,0,0,0,0,0,0,0,0,0,0,0,0,0,0,0,0,0,0,0,0,0,0,0,0,0,0,0,0,0,0,0,0,0,0,0,0,0,0,0,0,0,0,0,0
Mauritius,MUS,Electricity production from nuclear sources (% of total),EG.ELC.NUCL.ZS,0,0,0,0,0,0,0,0,0,0,0,0,0,0,0,0,0,0,0,0,0,0,0,0,0,0,0,0,0,0,0,0,0,0,0,0,0,0,0,0,0,0,0,0,0,0,0,0,0,0,0,0,0,0,0,0
Malawi,MWI,Electricity production from nuclear sources (% of total),EG.ELC.NUCL.ZS,0,0,0,0,0,0,0,0,0,0,0,0,0,0,0,0,0,0,0,0,0,0,0,0,0,0,0,0,0,0,0,0,0,0,0,0,0,0,0,0,0,0,0,0,0,0,0,0,0,0,0,0,0,0,0,0
Malaysia,MYS,Electricity production from nuclear sources (% of total),EG.ELC.NUCL.ZS,0,0,0,0,0,0,0,0,0,0,0,0,0,0,0,0,0,0,0,0,0,0,0,0,0,0,0,0,0,0,0,0,0,0,0,0,0,0,0,0,0,0,0,0,0,0,0,0,0,0,0,0,0,0,0,0
North America,NAC,Electricity production from nuclear sources (% of total),EG.ELC.NUCL.ZS,0.060483748,0.189153045,0.237275795,0.321940073,0.315937172,0.319260523,0.442493575,0.536135691,0.901594768,0.895415283,1.328291004,2.327230681,3.099434302,4.669299664,6.064749943,8.56627894,9.026975452,11.43798907,12.18650009,11.24160361,10.85890183,11.63550141,12.22742123,12.59380831,13.31328335,15.16075552,16.40749039,17.41629984,19.06267257,17.66643719,18.57140467,19.50617027,19.42316016,18.87734437,19.62551945,19.70146581,19.12116874,17.63246742,17.98779502,18.9782398,18.78942228,19.62265204,19.01118378,18.56995352,19.02773764,18.45757774,18.70318347,18.77441477,18.76469229,19.26677107,18.74223279,18.43035884,18.25140486,18.68072006,18.80727341,18.80755131
Namibia,NAM,Electricity production from nuclear sources (% of total),EG.ELC.NUCL.ZS,0,0,0,0,0,0,0,0,0,0,0,0,0,0,0,0,0,0,0,0,0,0,0,0,0,0,0,0,0,0,0,0,0,0,0,0,0,0,0,0,0,0,0,0,0,0,0,0,0,0,0,0,0,0,0,0
New Caledonia,NCL,Electricity production from nuclear sources (% of total),EG.ELC.NUCL.ZS,0,0,0,0,0,0,0,0,0,0,0,0,0,0,0,0,0,0,0,0,0,0,0,0,0,0,0,0,0,0,0,0,0,0,0,0,0,0,0,0,0,0,0,0,0,0,0,0,0,0,0,0,0,0,0,0
Niger,NER,Electricity production from nuclear sources (% of total),EG.ELC.NUCL.ZS,0,0,0,0,0,0,0,0,0,0,0,0,0,0,0,0,0,0,0,0,0,0,0,0,0,0,0,0,0,0,0,0,0,0,0,0,0,0,0,0,0,0,0,0,0,0,0,0,0,0,0,0,0,0,0,0
Nigeria,NGA,Electricity production from nuclear sources (% of total),EG.ELC.NUCL.ZS,0,0,0,0,0,0,0,0,0,0,0,0,0,0,0,0,0,0,0,0,0,0,0,0,0,0,0,0,0,0,0,0,0,0,0,0,0,0,0,0,0,0,0,0,0,0,0,0,0,0,0,0,0,0,0,0
Nicaragua,NIC,Electricity production from nuclear sources (% of total),EG.ELC.NUCL.ZS,0,0,0,0,0,0,0,0,0,0,0,0,0,0,0,0,0,0,0,0,0,0,0,0,0,0,0,0,0,0,0,0,0,0,0,0,0,0,0,0,0,0,0,0,0,0,0,0,0,0,0,0,0,0,0,0
Netherlands,NLD,Electricity production from nuclear sources (% of total),EG.ELC.NUCL.ZS,0,0,0,0,0,0,0,0,0.083286237,0.848050829,0.900680405,0.901924105,0.657908014,2.105383168,5.984185826,6.146559033,6.660130382,6.365164877,6.5913371,5.412323157,6.4808814,5.710895665,6.461400716,6.016764459,5.911306509,6.194099798,6.277733107,5.197386691,5.279338036,5.501711157,4.866051578,4.475424823,4.918648148,5.116707059,4.96700765,4.950287678,4.869882818,2.783075021,4.185918894,4.418819188,4.380180964,4.245006032,4.078932289,4.150054742,3.776157449,4.000160126,3.509961248,3.993724148,3.876264505,3.736443518,3.327743775,3.633635478,3.790005615,2.841668633,3.955791062,3.508676297
Norway,NOR,Electricity production from nuclear sources (% of total),EG.ELC.NUCL.ZS,0,0,0,0,0,0,0,0,0,0,0,0,0,0,0,0,0,0,0,0,0,0,0,0,0,0,0,0,0,0,0,0,0,0,0,0,0,0,0,0,0,0,0,0,0,0,0,0,0,0,0,0,0,0,0,0
Nepal,NPL,Electricity production from nuclear sources (% of total),EG.ELC.NUCL.ZS,0,0,0,0,0,0,0,0,0,0,0,0,0,0,0,0,0,0,0,0,0,0,0,0,0,0,0,0,0,0,0,0,0,0,0,0,0,0,0,0,0,0,0,0,0,0,0,0,0,0,0,0,0,0,0,0
Nauru,NRU,Electricity production from nuclear sources (% of total),EG.ELC.NUCL.ZS,0,0,0,0,0,0,0,0,0,0,0,0,0,0,0,0,0,0,0,0,0,0,0,0,0,0,0,0,0,0,0,0,0,0,0,0,0,0,0,0,0,0,0,0,0,0,0,0,0,0,0,0,0,0,0,0
New Zealand,NZL,Electricity production from nuclear sources (% of total),EG.ELC.NUCL.ZS,0,0,0,0,0,0,0,0,0,0,0,0,0,0,0,0,0,0,0,0,0,0,0,0,0,0,0,0,0,0,0,0,0,0,0,0,0,0,0,0,0,0,0,0,0,0,0,0,0,0,0,0,0,0,0,0
OECD members,OED,Electricity production from nuclear sources (% of total),EG.ELC.NUCL.ZS,0.168968317,0.254065146,0.340186695,0.506312709,0.65526194,0.965473241,1.226568562,1.380261994,1.604977437,1.752038335,1.998484415,2.672013745,3.377112984,4.168160577,5.292133003,7.188677637,7.730241227,9.232658493,10.33118954,10.22566852,10.81520338,12.57907315,13.59121356,14.77465403,16.86230622,19.37132692,20.84373278,21.53419144,22.40739089,21.93277405,22.56137253,23.20514366,23.31048612,23.56929032,23.65891241,23.89308847,23.88055371,23.23617156,23.27738053,23.52361211,22.95771177,23.56530568,22.94450962,22.17383103,22.54872162,22.23679086,22.14926383,21.00660304,21.00172707,21.42397517,20.84184678,19.09602253,17.87694825,17.95331606,18.16808654,18.03311468
Oman,OMN,Electricity production from nuclear sources (% of total),EG.ELC.NUCL.ZS,0,0,0,0,0,0,0,0,0,0,0,0,0,0,0,0,0,0,0,0,0,0,0,0,0,0,0,0,0,0,0,0,0,0,0,0,0,0,0,0,0,0,0,0,0,0,0,0,0,0,0,0,0,0,0,0
Other small states,OSS,Electricity production from nuclear sources (% of total),EG.ELC.NUCL.ZS,0,0,0,0,0,0,0,0,0,0,0,0,0,0,0,0,0,0,0,0,0,0,0,0,0,0,0,0,0,0,0,0,0,0,0,0,0,0,0,0,0,0,0,0,0,0,0,0,0,0,0,0,0,0,0,0
Pakistan,PAK,Electricity production from nuclear sources (% of total),EG.ELC.NUCL.ZS,0,0,0,0,0,0,0,0,0,0,0,1.373481247,1.373481247,3.628984123,5.063989409,6.08590685,5.910852713,3.870552542,1.866666667,0.747848173,0.013356485,0.93388121,1.034599729,1.157536681,1.481278288,1.504151632,1.680409551,1.748946103,0.767580309,0.086702696,0.777745335,0.93728698,1.192378611,0.981321328,0.954159276,0.848008146,0.585200846,0.603330384,0.434064926,0.606567346,2.931763462,3.163053983,2.298425446,2.177409378,3.264081094,2.65302417,2.329630497,3.216566835,1.766067063,3.034910914,3.623495508,5.536859817,4.736540962,4.890656828,4.757542902,0
Panama,PAN,Electricity production from nuclear sources (% of total),EG.ELC.NUCL.ZS,0,0,0,0,0,0,0,0,0,0,0,0,0,0,0,0,0,0,0,0,0,0,0,0,0,0,0,0,0,0,0,0,0,0,0,0,0,0,0,0,0,0,0,0,0,0,0,0,0,0,0,0,0,0,0,0
Peru,PER,Electricity production from nuclear sources (% of total),EG.ELC.NUCL.ZS,0,0,0,0,0,0,0,0,0,0,0,0,0,0,0,0,0,0,0,0,0,0,0,0,0,0,0,0,0,0,0,0,0,0,0,0,0,0,0,0,0,0,0,0,0,0,0,0,0,0,0,0,0,0,0,0
Philippines,PHL,Electricity production from nuclear sources (% of total),EG.ELC.NUCL.ZS,0,0,0,0,0,0,0,0,0,0,0,0,0,0,0,0,0,0,0,0,0,0,0,0,0,0,0,0,0,0,0,0,0,0,0,0,0,0,0,0,0,0,0,0,0,0,0,0,0,0,0,0,0,0,0,0
Palau,PLW,Electricity production from nuclear sources (% of total),EG.ELC.NUCL.ZS,0,0,0,0,0,0,0,0,0,0,0,0,0,0,0,0,0,0,0,0,0,0,0,0,0,0,0,0,0,0,0,0,0,0,0,0,0,0,0,0,0,0,0,0,0,0,0,0,0,0,0,0,0,0,0,0
Papua New Guinea,PNG,Electricity production from nuclear sources (% of total),EG.ELC.NUCL.ZS,0,0,0,0,0,0,0,0,0,0,0,0,0,0,0,0,0,0,0,0,0,0,0,0,0,0,0,0,0,0,0,0,0,0,0,0,0,0,0,0,0,0,0,0,0,0,0,0,0,0,0,0,0,0,0,0
Poland,POL,Electricity production from nuclear sources (% of total),EG.ELC.NUCL.ZS,0,0,0,0,0,0,0,0,0,0,0,0,0,0,0,0,0,0,0,0,0,0,0,0,0,0,0,0,0,0,0,0,0,0,0,0,0,0,0,0,0,0,0,0,0,0,0,0,0,0,0,0,0,0,0,0
Pre-demographic dividend,PRE,Electricity production from nuclear sources (% of total),EG.ELC.NUCL.ZS,0,0,0,0,0,0,0,0,0,0,0,0,0,0,0,0,0,0,0,0,0,0,0,0,0,0,0,0,0,0,0,0,0,0,0,0,0,0,0,0,0,0,0,0,0,0,0,0,0,0,0,0,0,0,0,0
Puerto Rico,PRI,Electricity production from nuclear sources (% of total),EG.ELC.NUCL.ZS,0,0,0,0,0,0,0,0,0,0,0,0,0,0,0,0,0,0,0,0,0,0,0,0,0,0,0,0,0,0,0,0,0,0,0,0,0,0,0,0,0,0,0,0,0,0,0,0,0,0,0,0,0,0,0,0
"Korea, Dem. People's Rep.",PRK,Electricity production from nuclear sources (% of total),EG.ELC.NUCL.ZS,0,0,0,0,0,0,0,0,0,0,0,0,0,0,0,0,0,0,0,0,0,0,0,0,0,0,0,0,0,0,0,0,0,0,0,0,0,0,0,0,0,0,0,0,0,0,0,0,0,0,0,0,0,0,0,0
Portugal,PRT,Electricity production from nuclear sources (% of total),EG.ELC.NUCL.ZS,0,0,0,0,0,0,0,0,0,0,0,0,0,0,0,0,0,0,0,0,0,0,0,0,0,0,0,0,0,0,0,0,0,0,0,0,0,0,0,0,0,0,0,0,0,0,0,0,0,0,0,0,0,0,0,0
Paraguay,PRY,Electricity production from nuclear sources (% of total),EG.ELC.NUCL.ZS,0,0,0,0,0,0,0,0,0,0,0,0,0,0,0,0,0,0,0,0,0,0,0,0,0,0,0,0,0,0,0,0,0,0,0,0,0,0,0,0,0,0,0,0,0,0,0,0,0,0,0,0,0,0,0,0
West Bank and Gaza,PSE,Electricity production from nuclear sources (% of total),EG.ELC.NUCL.ZS,0,0,0,0,0,0,0,0,0,0,0,0,0,0,0,0,0,0,0,0,0,0,0,0,0,0,0,0,0,0,0,0,0,0,0,0,0,0,0,0,0,0,0,0,0,0,0,0,0,0,0,0,0,0,0,0
Pacific island small states,PSS,Electricity production from nuclear sources (% of total),EG.ELC.NUCL.ZS,0,0,0,0,0,0,0,0,0,0,0,0,0,0,0,0,0,0,0,0,0,0,0,0,0,0,0,0,0,0,0,0,0,0,0,0,0,0,0,0,0,0,0,0,0,0,0,0,0,0,0,0,0,0,0,0
Post-demographic dividend,PST,Electricity production from nuclear sources (% of total),EG.ELC.NUCL.ZS,0.166273407,0.250191135,0.335190588,0.498614763,0.645592585,0.951398528,1.208863709,1.360977032,1.582474116,1.727402256,1.970093778,2.635876223,3.332795957,4.111378235,5.251280548,7.176559576,7.755531405,9.27433597,10.36851189,10.23198167,10.78728383,12.57116886,13.61718064,14.81045437,16.88803461,19.38687477,20.83726926,21.54912228,22.454813,21.9387486,23.49000294,24.16893252,24.38001949,24.77590839,24.95277511,25.25323064,25.40277203,24.75902096,24.80894898,25.00406942,24.50750026,25.15947979,24.5027246,23.76489848,24.21732824,23.92162868,23.89441134,22.73926753,22.74112722,23.21994301,22.65799834,20.91887882,19.68594027,19.65241257,19.99328628,18.92125309
French Polynesia,PYF,Electricity production from nuclear sources (% of total),EG.ELC.NUCL.ZS,0,0,0,0,0,0,0,0,0,0,0,0,0,0,0,0,0,0,0,0,0,0,0,0,0,0,0,0,0,0,0,0,0,0,0,0,0,0,0,0,0,0,0,0,0,0,0,0,0,0,0,0,0,0,0,0
Qatar,QAT,Electricity production from nuclear sources (% of total),EG.ELC.NUCL.ZS,0,0,0,0,0,0,0,0,0,0,0,0,0,0,0,0,0,0,0,0,0,0,0,0,0,0,0,0,0,0,0,0,0,0,0,0,0,0,0,0,0,0,0,0,0,0,0,0,0,0,0,0,0,0,0,0
Romania,ROU,Electricity production from nuclear sources (% of total),EG.ELC.NUCL.ZS,0,0,0,0,0,0,0,0,0,0,0,0,0,0,0,0,0,0,0,0,0,0,0,0,0,0,0,0,0,0,0,0,0,0,0,0,2.259168704,9.449149577,9.920367878,10.2504437,10.50564178,10.11027364,10.07216589,8.897352194,9.819642826,9.349805598,8.982885944,12.49979732,17.28246813,20.35295544,19.17385638,18.94707979,19.50862626,19.84761514,17.90742615,0
Russian Federation,RUS,Electricity production from nuclear sources (% of total),EG.ELC.NUCL.ZS,0,0,0,0,0,0,0,0,0,0,0,0,0,0,0,0,0,0,0,0,0,0,0,0,0,0,0,0,0,0,10.93238288,11.23274257,11.86236303,12.47104223,11.18094918,11.58661088,12.88470584,13.02224985,12.74768848,14.41703821,14.91383599,15.39749453,15.92568188,16.44289577,15.56148209,15.71198927,15.74016592,15.79229899,15.70494332,16.52288532,16.44748271,16.42363113,16.60262243,16.31144046,17.0150979,0
Rwanda,RWA,Electricity production from nuclear sources (% of total),EG.ELC.NUCL.ZS,0,0,0,0,0,0,0,0,0,0,0,0,0,0,0,0,0,0,0,0,0,0,0,0,0,0,0,0,0,0,0,0,0,0,0,0,0,0,0,0,0,0,0,0,0,0,0,0,0,0,0,0,0,0,0,0
South Asia,SAS,Electricity production from nuclear sources (% of total),EG.ELC.NUCL.ZS,0,0,0,0,0,0,0,0,0,0,0,1.68673386,1.527048703,3.19405134,2.982690075,3.2407779,3.507166858,2.356247999,2.353370962,2.253028682,2.129955031,2.050042471,1.326646341,2.104999309,2.174170569,2.436969516,2.272799756,2.113448729,2.092365493,1.453711859,1.86213567,1.569452344,1.812396067,1.37163593,1.327223996,1.685266906,1.79552873,1.872774235,2.052240913,2.132932916,2.82611984,3.139169305,2.930339004,2.541553222,2.436635006,2.314308028,2.285612902,2.060356664,1.660018107,2.005868007,2.604820903,3.026022312,2.887801884,2.855237546,2.769764926,0
Saudi Arabia,SAU,Electricity production from nuclear sources (% of total),EG.ELC.NUCL.ZS,0,0,0,0,0,0,0,0,0,0,0,0,0,0,0,0,0,0,0,0,0,0,0,0,0,0,0,0,0,0,0,0,0,0,0,0,0,0,0,0,0,0,0,0,0,0,0,0,0,0,0,0,0,0,0,0
Sudan,SDN,Electricity production from nuclear sources (% of total),EG.ELC.NUCL.ZS,0,0,0,0,0,0,0,0,0,0,0,0,0,0,0,0,0,0,0,0,0,0,0,0,0,0,0,0,0,0,0,0,0,0,0,0,0,0,0,0,0,0,0,0,0,0,0,0,0,0,0,0,0,0,0,0
Senegal,SEN,Electricity production from nuclear sources (% of total),EG.ELC.NUCL.ZS,0,0,0,0,0,0,0,0,0,0,0,0,0,0,0,0,0,0,0,0,0,0,0,0,0,0,0,0,0,0,0,0,0,0,0,0,0,0,0,0,0,0,0,0,0,0,0,0,0,0,0,0,0,0,0,0
Singapore,SGP,Electricity production from nuclear sources (% of total),EG.ELC.NUCL.ZS,0,0,0,0,0,0,0,0,0,0,0,0,0,0,0,0,0,0,0,0,0,0,0,0,0,0,0,0,0,0,0,0,0,0,0,0,0,0,0,0,0,0,0,0,0,0,0,0,0,0,0,0,0,0,0,0
Solomon Islands,SLB,Electricity production from nuclear sources (% of total),EG.ELC.NUCL.ZS,0,0,0,0,0,0,0,0,0,0,0,0,0,0,0,0,0,0,0,0,0,0,0,0,0,0,0,0,0,0,0,0,0,0,0,0,0,0,0,0,0,0,0,0,0,0,0,0,0,0,0,0,0,0,0,0
Sierra Leone,SLE,Electricity production from nuclear sources (% of total),EG.ELC.NUCL.ZS,0,0,0,0,0,0,0,0,0,0,0,0,0,0,0,0,0,0,0,0,0,0,0,0,0,0,0,0,0,0,0,0,0,0,0,0,0,0,0,0,0,0,0,0,0,0,0,0,0,0,0,0,0,0,0,0
El Salvador,SLV,Electricity production from nuclear sources (% of total),EG.ELC.NUCL.ZS,0,0,0,0,0,0,0,0,0,0,0,0,0,0,0,0,0,0,0,0,0,0,0,0,0,0,0,0,0,0,0,0,0,0,0,0,0,0,0,0,0,0,0,0,0,0,0,0,0,0,0,0,0,0,0,0
San Marino,SMR,Electricity production from nuclear sources (% of total),EG.ELC.NUCL.ZS,0,0,0,0,0,0,0,0,0,0,0,0,0,0,0,0,0,0,0,0,0,0,0,0,0,0,0,0,0,0,0,0,0,0,0,0,0,0,0,0,0,0,0,0,0,0,0,0,0,0,0,0,0,0,0,0
Somalia,SOM,Electricity production from nuclear sources (% of total),EG.ELC.NUCL.ZS,0,0,0,0,0,0,0,0,0,0,0,0,0,0,0,0,0,0,0,0,0,0,0,0,0,0,0,0,0,0,0,0,0,0,0,0,0,0,0,0,0,0,0,0,0,0,0,0,0,0,0,0,0,0,0,0
Serbia,SRB,Electricity production from nuclear sources (% of total),EG.ELC.NUCL.ZS,0,0,0,0,0,0,0,0,0,0,0,0,0,0,0,0,0,0,0,0,0,0,0,0,0,0,0,0,0,0,0,0,0,0,0,0,0,0,0,0,0,0,0,0,0,0,0,0,0,0,0,0,0,0,0,0
Sub-Saharan Africa (excluding high income),SSA,Electricity production from nuclear sources (% of total),EG.ELC.NUCL.ZS,0,0,0,0,0,0,0,0,0,0,0,0,0,0,0,0,0,0,0,0,0,0,0,0,1.997501456,2.543698747,4.045086292,2.754263316,4.483222485,4.571042264,3.383988904,3.611090164,3.683651989,2.788466145,3.613641164,4.071562789,4.0105632,4.153800216,4.495871495,4.194846992,4.095939509,3.295147472,3.462372201,3.545296838,3.531003568,2.933217631,2.503565854,2.740809722,3.184538303,3.176648339,2.819709573,3.065807765,2.706564335,3.131985257,2.990167271,0
South Sudan,SSD,Electricity production from nuclear sources (% of total),EG.ELC.NUCL.ZS,0,0,0,0,0,0,0,0,0,0,0,0,0,0,0,0,0,0,0,0,0,0,0,0,0,0,0,0,0,0,0,0,0,0,0,0,0,0,0,0,0,0,0,0,0,0,0,0,0,0,0,0,0,0,0,0
Sub-Saharan Africa,SSF,Electricity production from nuclear sources (% of total),EG.ELC.NUCL.ZS,0,0,0,0,0,0,0,0,0,0,0,0,0,0,0,0,0,0,0,0,0,0,0,0,1.995972009,2.541751087,4.04198905,2.752154431,4.47978977,4.567542307,3.38139785,3.608325223,3.68083149,2.786331072,3.610874271,4.068445274,4.007492391,4.150619733,4.492429095,4.191635081,4.092803329,3.292624442,3.459721131,3.542582274,3.528299948,2.930971724,2.501648923,2.738711139,3.182099965,3.174216042,2.817550577,3.063460336,2.704491972,3.129587158,2.98787776,0
Small states,SST,Electricity production from nuclear sources (% of total),EG.ELC.NUCL.ZS,0,0,0,0,0,0,0,0,0,0,0,0,0,0,0,0,0,0,0,0,0,0,0,0,0,0,0,0,0,0,0,0,0,0,0,0,0,0,0,0,0,0,0,0,0,0,0,0,0,0,0,0,0,0,0,0
Sao Tome and Principe,STP,Electricity production from nuclear sources (% of total),EG.ELC.NUCL.ZS,0,0,0,0,0,0,0,0,0,0,0,0,0,0,0,0,0,0,0,0,0,0,0,0,0,0,0,0,0,0,0,0,0,0,0,0,0,0,0,0,0,0,0,0,0,0,0,0,0,0,0,0,0,0,0,0
Suriname,SUR,Electricity production from nuclear sources (% of total),EG.ELC.NUCL.ZS,0,0,0,0,0,0,0,0,0,0,0,0,0,0,0,0,0,0,0,0,0,0,0,0,0,0,0,0,0,0,0,0,0,0,0,0,0,0,0,0,0,0,0,0,0,0,0,0,0,0,0,0,0,0,0,0
Slovak Republic,SVK,Electricity production from nuclear sources (% of total),EG.ELC.NUCL.ZS,0,0,0,0,0,0,0,0,0,0,0,0,0.02537427,1.886332222,3.771534999,1.398758321,3.044706207,0.744757301,0.123120788,12.74713531,22.65237642,26.04922608,29.56962025,31.97795341,36.2911716,42.75233538,49.37418349,49.7924055,51.01369376,51.95299145,47.20555359,48.18020692,47.56370523,47.77075362,49.47364286,43.27607083,44.193447,44.1982996,44.27949635,46.67141078,53.55542568,53.68847313,55.73388799,57.65184277,55.89625739,56.54184741,57.63655563,54.9763373,58.07719054,54.32694163,53.06583163,54.478931,54.69853149,55.13081293,57.09076175,56.87143286
Slovenia,SVN,Electricity production from nuclear sources (% of total),EG.ELC.NUCL.ZS,0,0,0,0,0,0,0,0,0,0,0,0,0,0,0,0,0,0,0,0,0,0,0,0,0,0,0,0,0,0,37.14239794,38.85750157,32.16947505,33.11568726,35.74253587,37.00921552,35.59010492,38.09198543,36.72785548,35.40944051,34.94568409,36.34038435,37.86820112,37.67727931,35.74749525,38.92306675,36.70525968,37.85814,38.25233246,34.98750229,34.80159951,39.05120955,35.55441214,33.52520716,37.11472353,38.11837754
Sweden,SWE,Electricity production from nuclear sources (% of total),EG.ELC.NUCL.ZS,0,0,0,0,0,0.036667346,0.088890645,0.092898815,0.040917986,0.105060108,0.092415341,0.135269186,2.044575942,2.704330003,2.734655838,14.8587248,18.51213075,22.12826012,25.60290255,22.13094061,27.50114207,36.63633005,39.23647399,37.66361407,41.3132362,42.88957734,50.65829495,46.16138159,47.66789572,45.90318789,46.70717339,52.22902633,43.54237474,42.26937562,51.26559215,47.1600143,52.8163155,46.86674799,46.33952806,47.26746664,39.46540339,44.62328661,46.42876619,49.79723591,51.087537,45.70264894,46.74357579,44.99909288,42.62278677,38.19287869,38.95190624,40.24851252,38.47545002,43.42714875,42.25028329,34.73640007
Eswatini,SWZ,Electricity production from nuclear sources (% of total),EG.ELC.NUCL.ZS,0,0,0,0,0,0,0,0,0,0,0,0,0,0,0,0,0,0,0,0,0,0,0,0,0,0,0,0,0,0,0,0,0,0,0,0,0,0,0,0,0,0,0,0,0,0,0,0,0,0,0,0,0,0,0,0
Sint Maarten (Dutch part),SXM,Electricity production from nuclear sources (% of total),EG.ELC.NUCL.ZS,0,0,0,0,0,0,0,0,0,0,0,0,0,0,0,0,0,0,0,0,0,0,0,0,0,0,0,0,0,0,0,0,0,0,0,0,0,0,0,0,0,0,0,0,0,0,0,0,0,0,0,0,0,0,0,0
Seychelles,SYC,Electricity production from nuclear sources (% of total),EG.ELC.NUCL.ZS,0,0,0,0,0,0,0,0,0,0,0,0,0,0,0,0,0,0,0,0,0,0,0,0,0,0,0,0,0,0,0,0,0,0,0,0,0,0,0,0,0,0,0,0,0,0,0,0,0,0,0,0,0,0,0,0
Syrian Arab Republic,SYR,Electricity production from nuclear sources (% of total),EG.ELC.NUCL.ZS,0,0,0,0,0,0,0,0,0,0,0,0,0,0,0,0,0,0,0,0,0,0,0,0,0,0,0,0,0,0,0,0,0,0,0,0,0,0,0,0,0,0,0,0,0,0,0,0,0,0,0,0,0,0,0,0
Turks and Caicos Islands,TCA,Electricity production from nuclear sources (% of total),EG.ELC.NUCL.ZS,0,0,0,0,0,0,0,0,0,0,0,0,0,0,0,0,0,0,0,0,0,0,0,0,0,0,0,0,0,0,0,0,0,0,0,0,0,0,0,0,0,0,0,0,0,0,0,0,0,0,0,0,0,0,0,0
Chad,TCD,Electricity production from nuclear sources (% of total),EG.ELC.NUCL.ZS,0,0,0,0,0,0,0,0,0,0,0,0,0,0,0,0,0,0,0,0,0,0,0,0,0,0,0,0,0,0,0,0,0,0,0,0,0,0,0,0,0,0,0,0,0,0,0,0,0,0,0,0,0,0,0,0
East Asia & Pacific (IDA & IBRD countries),TEA,Electricity production from nuclear sources (% of total),EG.ELC.NUCL.ZS,0,0,0,0,0,0,0,0,0,0,0,0,0,0,0,0,0,0,0,0,0,0,0,0,0,0,0,0,0,0,0,0,0,0.155865428,1.290621426,1.024718796,1.058408711,1.005973516,0.957774119,0.958444489,0.984007917,0.945268256,1.227908696,1.859431584,1.902116407,1.784828041,1.628295503,1.627694206,1.700148405,1.627460186,1.525012855,1.604419163,1.704342949,1.799198023,2.046338537,0
Europe & Central Asia (IDA & IBRD countries),TEC,Electricity production from nuclear sources (% of total),EG.ELC.NUCL.ZS,0,0,0,0,0,0,0,0,0,0,0,0,0,0,0,0,0,0,0,0,0,0,0,0,0,0,0,0,0,0,10.17851041,10.39535041,10.87703699,11.61943962,10.87775634,11.31794805,12.76842773,13.07132764,12.65704751,13.29463103,13.89090382,14.06384169,14.43349315,14.36496235,14.01428217,14.14105641,14.0131376,13.95552815,13.9386936,14.24381745,14.10020536,13.9907607,13.97175405,13.29192785,13.95630706,0
Togo,TGO,Electricity production from nuclear sources (% of total),EG.ELC.NUCL.ZS,0,0,0,0,0,0,0,0,0,0,0,0,0,0,0,0,0,0,0,0,0,0,0,0,0,0,0,0,0,0,0,0,0,0,0,0,0,0,0,0,0,0,0,0,0,0,0,0,0,0,0,0,0,0,0,0
Thailand,THA,Electricity production from nuclear sources (% of total),EG.ELC.NUCL.ZS,0,0,0,0,0,0,0,0,0,0,0,0,0,0,0,0,0,0,0,0,0,0,0,0,0,0,0,0,0,0,0,0,0,0,0,0,0,0,0,0,0,0,0,0,0,0,0,0,0,0,0,0,0,0,0,0
Tajikistan,TJK,Electricity production from nuclear sources (% of total),EG.ELC.NUCL.ZS,0,0,0,0,0,0,0,0,0,0,0,0,0,0,0,0,0,0,0,0,0,0,0,0,0,0,0,0,0,0,0,0,0,0,0,0,0,0,0,0,0,0,0,0,0,0,0,0,0,0,0,0,0,0,0,0
Turkmenistan,TKM,Electricity production from nuclear sources (% of total),EG.ELC.NUCL.ZS,0,0,0,0,0,0,0,0,0,0,0,0,0,0,0,0,0,0,0,0,0,0,0,0,0,0,0,0,0,0,0,0,0,0,0,0,0,0,0,0,0,0,0,0,0,0,0,0,0,0,0,0,0,0,0,0
Latin America & the Caribbean (IDA & IBRD countries),TLA,Electricity production from nuclear sources (% of total),EG.ELC.NUCL.ZS,0,0,0,0,0,0,0,0,0,0,0,0,0,0,0.503475255,1.150366795,1.074097158,0.619059668,1.002548236,0.835524432,0.664314158,0.769678757,0.481503136,0.82789761,1.420162187,1.941749759,1.160452887,1.396111445,1.149134636,1.256091666,2.121369234,2.15275771,1.977629705,1.932601214,1.749389803,2.392237848,2.247106301,2.578113078,2.265021318,2.306813999,2.121656542,3.14456588,2.984666688,3.019182904,2.635279443,2.420707719,2.735937864,2.4304087,2.424922138,2.456220804,2.038382773,2.2568127,2.118049607,2.221661245,2.008784387,0.750329976
Timor-Leste,TLS,Electricity production from nuclear sources (% of total),EG.ELC.NUCL.ZS,0,0,0,0,0,0,0,0,0,0,0,0,0,0,0,0,0,0,0,0,0,0,0,0,0,0,0,0,0,0,0,0,0,0,0,0,0,0,0,0,0,0,0,0,0,0,0,0,0,0,0,0,0,0,0,0
Middle East & North Africa (IDA & IBRD countries),TMN,Electricity production from nuclear sources (% of total),EG.ELC.NUCL.ZS,0,0,0,0,0,0,0,0,0,0,0,0,0,0,0,0,0,0,0,0,0,0,0,0,0,0,0,0,0,0,0,0,0,0,0,0,0,0,0,0,0,0,0,0,0,0,0,0,0,0,0,0.050285208,0.272927502,0.647378532,0.609820432,0
Tonga,TON,Electricity production from nuclear sources (% of total),EG.ELC.NUCL.ZS,0,0,0,0,0,0,0,0,0,0,0,0,0,0,0,0,0,0,0,0,0,0,0,0,0,0,0,0,0,0,0,0,0,0,0,0,0,0,0,0,0,0,0,0,0,0,0,0,0,0,0,0,0,0,0,0
South Asia (IDA & IBRD),TSA,Electricity production from nuclear sources (% of total),EG.ELC.NUCL.ZS,0,0,0,0,0,0,0,0,0,0,0,1.68673386,1.527048703,3.19405134,2.982690075,3.2407779,3.507166858,2.356247999,2.353370962,2.253028682,2.129955031,2.050042471,1.326646341,2.104999309,2.174170569,2.436969516,2.272799756,2.113448729,2.092365493,1.453711859,1.86213567,1.569452344,1.812396067,1.37163593,1.327223996,1.685266906,1.79552873,1.872774235,2.052240913,2.132932916,2.82611984,3.139169305,2.930339004,2.541553222,2.436635006,2.314308028,2.285612902,2.060356664,1.660018107,2.005868007,2.604820903,3.026022312,2.887801884,2.855237546,2.769764926,0
Sub-Saharan Africa (IDA & IBRD countries),TSS,Electricity production from nuclear sources (% of total),EG.ELC.NUCL.ZS,0,0,0,0,0,0,0,0,0,0,0,0,0,0,0,0,0,0,0,0,0,0,0,0,1.995972009,2.541751087,4.04198905,2.752154431,4.47978977,4.567542307,3.38139785,3.608325223,3.68083149,2.786331072,3.610874271,4.068445274,4.007492391,4.150619733,4.492429095,4.191635081,4.092803329,3.292624442,3.459721131,3.542582274,3.528299948,2.930971724,2.501648923,2.738711139,3.182099965,3.174216042,2.817550577,3.063460336,2.704491972,3.129587158,2.98787776,0
Trinidad and Tobago,TTO,Electricity production from nuclear sources (% of total),EG.ELC.NUCL.ZS,0,0,0,0,0,0,0,0,0,0,0,0,0,0,0,0,0,0,0,0,0,0,0,0,0,0,0,0,0,0,0,0,0,0,0,0,0,0,0,0,0,0,0,0,0,0,0,0,0,0,0,0,0,0,0,0
Tunisia,TUN,Electricity production from nuclear sources (% of total),EG.ELC.NUCL.ZS,0,0,0,0,0,0,0,0,0,0,0,0,0,0,0,0,0,0,0,0,0,0,0,0,0,0,0,0,0,0,0,0,0,0,0,0,0,0,0,0,0,0,0,0,0,0,0,0,0,0,0,0,0,0,0,0
Turkiye,TUR,Electricity production from nuclear sources (% of total),EG.ELC.NUCL.ZS,0,0,0,0,0,0,0,0,0,0,0,0,0,0,0,0,0,0,0,0,0,0,0,0,0,0,0,0,0,0,0,0,0,0,0,0,0,0,0,0,0,0,0,0,0,0,0,0,0,0,0,0,0,0,0,0
Tuvalu,TUV,Electricity production from nuclear sources (% of total),EG.ELC.NUCL.ZS,0,0,0,0,0,0,0,0,0,0,0,0,0,0,0,0,0,0,0,0,0,0,0,0,0,0,0,0,0,0,0,0,0,0,0,0,0,0,0,0,0,0,0,0,0,0,0,0,0,0,0,0,0,0,0,0
Tanzania,TZA,Electricity production from nuclear sources (% of total),EG.ELC.NUCL.ZS,0,0,0,0,0,0,0,0,0,0,0,0,0,0,0,0,0,0,0,0,0,0,0,0,0,0,0,0,0,0,0,0,0,0,0,0,0,0,0,0,0,0,0,0,0,0,0,0,0,0,0,0,0,0,0,0
Uganda,UGA,Electricity production from nuclear sources (% of total),EG.ELC.NUCL.ZS,0,0,0,0,0,0,0,0,0,0,0,0,0,0,0,0,0,0,0,0,0,0,0,0,0,0,0,0,0,0,0,0,0,0,0,0,0,0,0,0,0,0,0,0,0,0,0,0,0,0,0,0,0,0,0,0
Ukraine,UKR,Electricity production from nuclear sources (% of total),EG.ELC.NUCL.ZS,0,0,0,0,0,0,0,0,0,0,0,0,0,0,0,0,0,0,0,0,0,0,0,0,0,0,0,0,0,0,25.50983504,26.98021669,29.22910466,32.75593362,33.963288,36.38563417,43.53584813,44.66894605,43.57992655,41.91190155,45.15761755,44.07851716,44.93236236,45.17335523,47.80640554,47.74060986,46.69233516,47.15491896,46.6498084,47.76205369,47.21333701,46.29337054,45.44042992,42.95633589,48.5720566,0
Upper middle income,UMC,Electricity production from nuclear sources (% of total),EG.ELC.NUCL.ZS,0,0,0,0,0,0,0,0,0,0,0,0,0,0,0.217739605,0.50525039,0.700562196,0.638767258,0.678416318,0.623747391,0.554351349,0.742144962,0.735925364,0.866699329,1.164806243,1.310994743,1.178703232,1.069945319,1.267311758,1.199126525,5.38770667,5.312487091,5.191877422,5.140102601,4.888882816,4.987695887,5.218700633,5.148394481,4.912619343,5.215207938,5.232881634,5.446045818,5.478201016,5.603541212,5.138984117,4.894481107,4.700125722,4.398532228,4.410781381,4.309355782,4.00012733,3.972715187,3.948967862,3.859935895,4.041192651,0.12141837
Uruguay,URY,Electricity production from nuclear sources (% of total),EG.ELC.NUCL.ZS,0,0,0,0,0,0,0,0,0,0,0,0,0,0,0,0,0,0,0,0,0,0,0,0,0,0,0,0,0,0,0,0,0,0,0,0,0,0,0,0,0,0,0,0,0,0,0,0,0,0,0,0,0,0,0,0
United States,USA,Electricity production from nuclear sources (% of total),EG.ELC.NUCL.ZS,0.069277798,0.215179689,0.26868399,0.353732927,0.34326063,0.349964002,0.487348895,0.594980562,0.952330207,0.97567778,1.436303299,2.380678416,3.123154822,4.536585688,6.194698404,9.124684262,9.474933313,11.91227232,12.64814746,11.46197571,10.96612725,11.8601212,12.61190717,12.71102146,13.55141482,15.51193797,16.62598059,17.76050011,19.54453434,17.94071139,19.09537023,19.95148838,20.05658294,19.07660872,19.66840777,20.05989252,19.58817324,18.14605334,18.77048887,19.92470644,19.81472397,20.64701468,19.9811047,19.42999258,19.60760159,18.99150762,19.09223158,19.34899275,19.29099374,19.93112298,19.26644609,18.98484619,18.75791991,19.17383116,19.2302385,19.32377763
Uzbekistan,UZB,Electricity production from nuclear sources (% of total),EG.ELC.NUCL.ZS,0,0,0,0,0,0,0,0,0,0,0,0,0,0,0,0,0,0,0,0,0,0,0,0,0,0,0,0,0,0,0,0,0,0,0,0,0,0,0,0,0,0,0,0,0,0,0,0,0,0,0,0,0,0,0,0
St. Vincent and the Grenadines,VCT,Electricity production from nuclear sources (% of total),EG.ELC.NUCL.ZS,0,0,0,0,0,0,0,0,0,0,0,0,0,0,0,0,0,0,0,0,0,0,0,0,0,0,0,0,0,0,0,0,0,0,0,0,0,0,0,0,0,0,0,0,0,0,0,0,0,0,0,0,0,0,0,0
"Venezuela, RB",VEN,Electricity production from nuclear sources (% of total),EG.ELC.NUCL.ZS,0,0,0,0,0,0,0,0,0,0,0,0,0,0,0,0,0,0,0,0,0,0,0,0,0,0,0,0,0,0,0,0,0,0,0,0,0,0,0,0,0,0,0,0,0,0,0,0,0,0,0,0,0,0,0,0
British Virgin Islands,VGB,Electricity production from nuclear sources (% of total),EG.ELC.NUCL.ZS,0,0,0,0,0,0,0,0,0,0,0,0,0,0,0,0,0,0,0,0,0,0,0,0,0,0,0,0,0,0,0,0,0,0,0,0,0,0,0,0,0,0,0,0,0,0,0,0,0,0,0,0,0,0,0,0
Virgin Islands (U.S.),VIR,Electricity production from nuclear sources (% of total),EG.ELC.NUCL.ZS,0,0,0,0,0,0,0,0,0,0,0,0,0,0,0,0,0,0,0,0,0,0,0,0,0,0,0,0,0,0,0,0,0,0,0,0,0,0,0,0,0,0,0,0,0,0,0,0,0,0,0,0,0,0,0,0
Vietnam,VNM,Electricity production from nuclear sources (% of total),EG.ELC.NUCL.ZS,0,0,0,0,0,0,0,0,0,0,0,0,0,0,0,0,0,0,0,0,0,0,0,0,0,0,0,0,0,0,0,0,0,0,0,0,0,0,0,0,0,0,0,0,0,0,0,0,0,0,0,0,0,0,0,0
Vanuatu,VUT,Electricity production from nuclear sources (% of total),EG.ELC.NUCL.ZS,0,0,0,0,0,0,0,0,0,0,0,0,0,0,0,0,0,0,0,0,0,0,0,0,0,0,0,0,0,0,0,0,0,0,0,0,0,0,0,0,0,0,0,0,0,0,0,0,0,0,0,0,0,0,0,0
World,WLD,Electricity production from nuclear sources (% of total),EG.ELC.NUCL.ZS,0,0,0,0,0,0,0,0,0,0,0,2.002811893,2.517519757,3.117824815,3.954240189,5.336416444,5.751636464,6.777943484,7.555674676,7.451590077,7.805928528,9.034592431,9.635967293,10.49008876,11.95275828,13.64700553,14.4183456,14.79750718,15.28495378,14.8960295,16.91081425,17.2982162,17.29426055,17.42067291,17.40563501,17.50179672,17.58360224,17.04699501,16.97550713,17.08488258,16.70365095,16.87798347,16.38422112,15.65615898,15.55174468,15.07132752,14.63263395,13.66239868,13.47527149,13.34412453,12.78694645,11.60417758,10.81149967,10.58014659,10.60144394,8.113442226
Samoa,WSM,Electricity production from nuclear sources (% of total),EG.ELC.NUCL.ZS,0,0,0,0,0,0,0,0,0,0,0,0,0,0,0,0,0,0,0,0,0,0,0,0,0,0,0,0,0,0,0,0,0,0,0,0,0,0,0,0,0,0,0,0,0,0,0,0,0,0,0,0,0,0,0,0
Kosovo,XKX,Electricity production from nuclear sources (% of total),EG.ELC.NUCL.ZS,0,0,0,0,0,0,0,0,0,0,0,0,0,0,0,0,0,0,0,0,0,0,0,0,0,0,0,0,0,0,0,0,0,0,0,0,0,0,0,0,0,0,0,0,0,0,0,0,0,0,0,0,0,0,0,0
"Yemen, Rep.",YEM,Electricity production from nuclear sources (% of total),EG.ELC.NUCL.ZS,0,0,0,0,0,0,0,0,0,0,0,0,0,0,0,0,0,0,0,0,0,0,0,0,0,0,0,0,0,0,0,0,0,0,0,0,0,0,0,0,0,0,0,0,0,0,0,0,0,0,0,0,0,0,0,0
South Africa,ZAF,Electricity production from nuclear sources (% of total),EG.ELC.NUCL.ZS,0,0,0,0,0,0,0,0,0,0,0,0,0,0,0,0,0,0,0,0,0,0,0,0,2.90181872,3.759265546,6.010678975,4.09498071,6.69461139,6.837727945,5.108685794,5.491496108,5.569781179,4.184908947,5.382049475,6.09609399,5.902373982,6.087488087,6.701518571,6.404985481,6.259713141,5.149082734,5.486264893,5.475939251,5.547254389,4.665468592,3.99679491,4.344337812,5.089249723,5.188501509,4.714238958,5.201559466,4.689443065,5.571266075,5.529299999,0
Zambia,ZMB,Electricity production from nuclear sources (% of total),EG.ELC.NUCL.ZS,0,0,0,0,0,0,0,0,0,0,0,0,0,0,0,0,0,0,0,0,0,0,0,0,0,0,0,0,0,0,0,0,0,0,0,0,0,0,0,0,0,0,0,0,0,0,0,0,0,0,0,0,0,0,0,0
Zimbabwe,ZWE,Electricity production from nuclear sources (% of total),EG.ELC.NUCL.ZS,0,0,0,0,0,0,0,0,0,0,0,0,0,0,0,0,0,0,0,0,0,0,0,0,0,0,0,0,0,0,0,0,0,0,0,0,0,0,0,0,0,0,0,0,0,0,0,0,0,0,0,0,0,0,0,0
