Country Name,Country Code,Indicator Name,Indicator Code,_1990,_1991,_1992,_1993,_1994,_1995,_1996,_1997,_1998,_1999,_2000,_2001,_2002,_2003,_2004,_2005,_2006,_2007,_2008,_2009,_2010,_2011,_2012,_2013,_2014,_2015,_2016,_2017,_2018,_2019,_2020
Aruba,ABW,"Access to electricity, urban (% of urban population)",EG.ELC.ACCS.UR.ZS,100,99.9241333,99.96606445,99.99035645,100,100,100,100,100,100,100,100,100,100,100,100,100,100,100,100,100,100,100,100,100,100,100,100,100,100,100
Africa Eastern and Southern,AFE,"Access to electricity, urban (% of urban population)",EG.ELC.ACCS.UR.ZS,0,0,0,0,0,0,0,0,0,0,53.56319587,53.15022415,55.3004286,56.25335406,57.02329382,58.11894773,58.68498313,60.85193154,59.00400758,61.35670093,63.2467473,66.16399799,66.94527715,67.11220628,66.28342637,67.08023452,69.13229242,70.92856716,71.86613607,73.33284204,73.94294905
Afghanistan,AFG,"Access to electricity, urban (% of urban population)",EG.ELC.ACCS.UR.ZS,0,0,0,0,0,0,0,0,0,0,72.13346863,73.59903717,75.0632782,76.53313446,78.01555634,74,81.04376984,82.59082031,89.90000153,85.72447205,82.80000305,86.56777954,95,92.25904846,98.69999695,92.5,99.5,99.5,99.62602234,99.5,99.5
Africa Western and Central,AFW,"Access to electricity, urban (% of urban population)",EG.ELC.ACCS.UR.ZS,0,0,0,76.3798903,76.41401866,76.22175296,73.19516173,72.56335841,73.18772388,72.916599,71.54412771,72.29263132,72.28655482,73.2778409,73.24403271,73.9365619,74.5985086,76.18957257,75.61170253,75.44129376,74.26513966,79.3852167,78.69909733,78.8486137,79.52923505,78.2478757,81.57151742,0,0,0,83.22006494
Angola,AGO,"Access to electricity, urban (% of urban population)",EG.ELC.ACCS.UR.ZS,0,0,0,0,0,0,0,0,0,0,44.81760406,30,47.58462906,48.97309875,50.37413025,51.7946701,53.23956299,66.09999847,61.31000137,57.67609406,73.71856689,82.5,70.46347046,68.66222382,51,64,67.9733963,69.41117096,65.26999664,72.27718353,73.70891571
Albania,ALB,"Access to electricity, urban (% of urban population)",EG.ELC.ACCS.UR.ZS,100,100,100,100,100,100,100,100,100,100,100,100,100,100,100,100,100,100,100,100,100,100,99.90000153,100,100,100,100,100,100,100,100
Andorra,AND,"Access to electricity, urban (% of urban population)",EG.ELC.ACCS.UR.ZS,100,100,100,100,100,100,100,100,100,100,100,100,100,100,100,100,100,100,100,100,100,100,100,100,100,100,100,100,100,100,100
Arab World,ARB,"Access to electricity, urban (% of urban population)",EG.ELC.ACCS.UR.ZS,0,0,0,0,0,0,0,0,0,0,94.8621022,94.3297878,94.3291079,94.51278596,94.61584454,94.56927303,95.33591933,95.09251052,94.38758704,95.06165726,96.87082794,96.99940188,96.98007919,97.23905702,96.85610096,97.02131295,97.26179897,97.48365836,97.58123691,98.27828695,97.54039702
United Arab Emirates,ARE,"Access to electricity, urban (% of urban population)",EG.ELC.ACCS.UR.ZS,100,100,100,100,100,100,100,100,100,100,100,100,100,100,100,100,100,100,100,100,100,100,100,100,100,100,100,100,100,100,100
Argentina,ARG,"Access to electricity, urban (% of urban population)",EG.ELC.ACCS.UR.ZS,94.1390152,94.41311646,94.68669891,94.9571228,95.22122955,95.47585297,95.7178421,95.94403839,96.15126801,96.33807373,96.4752121,96.63759613,96.79866028,96.96533966,97.14458466,97.34333801,97.5664444,97.81031036,98.06926727,98.33760834,99.09142303,99.41663361,99.67237091,99.78914642,100,99.86068726,99.94213104,100,100,100,100
Armenia,ARM,"Access to electricity, urban (% of urban population)",EG.ELC.ACCS.UR.ZS,0,0,0,0,0,0,0,0,0,0,99.09999847,100,99.28139496,99.25617981,99.24353027,99.90000153,99.28160095,99.33358002,99.40063477,99.47708893,99.69999695,99.63542938,99.7906723,99.41000366,99.66000366,100,99.80000305,99.80000305,99.90000153,100,99.95941162
American Samoa,ASM,"Access to electricity, urban (% of urban population)",EG.ELC.ACCS.UR.ZS,0,0,0,0,0,0,0,0,0,0,0,0,0,0,0,0,0,0,0,0,0,0,0,0,0,0,0,0,0,0,0
Antigua and Barbuda,ATG,"Access to electricity, urban (% of urban population)",EG.ELC.ACCS.UR.ZS,100,100,100,100,100,100,100,100,100,100,100,99.99794006,100,99.95860291,99.92212677,100,100,100,100,99.94515991,99.97457123,99.99261475,100,100,100,100,100,100,100,100,100
Australia,AUS,"Access to electricity, urban (% of urban population)",EG.ELC.ACCS.UR.ZS,100,100,100,100,100,100,100,100,100,100,100,100,100,100,100,100,100,100,100,100,100,100,100,100,100,100,100,100,100,100,100
Austria,AUT,"Access to electricity, urban (% of urban population)",EG.ELC.ACCS.UR.ZS,100,100,100,100,100,100,100,100,100,100,100,100,100,100,100,100,100,100,100,100,100,100,100,100,100,100,100,100,100,100,100
Azerbaijan,AZE,"Access to electricity, urban (% of urban population)",EG.ELC.ACCS.UR.ZS,0,0,0,0,0,0,0,0,0,99.55514526,99.70492554,99.56578064,100,99.55426788,99.56388855,99.59300995,99.80000305,99.72073364,99.81005859,99.90085602,99.9653244,99.90000153,100,100,100,100,100,100,100,100,100
Burundi,BDI,"Access to electricity, urban (% of urban population)",EG.ELC.ACCS.UR.ZS,0,0,0,0,0,0,0,0,60.6,50.53980255,50.63116837,50.76617813,50.8998642,51.03916931,51.19103622,45.04950333,51.5581398,51.77463531,39.59999847,52.24717712,49,52.73455429,58.5,52.40000153,52.09999847,57.12614059,58.60169983,61.79999924,61.42993164,62.59404373,63.67844009
Belgium,BEL,"Access to electricity, urban (% of urban population)",EG.ELC.ACCS.UR.ZS,100,100,100,100,100,100,100,100,100,100,100,100,100,100,100,100,100,100,100,100,100,100,100,100,100,100,100,100,100,100,100
Benin,BEN,"Access to electricity, urban (% of urban population)",EG.ELC.ACCS.UR.ZS,0,0,0,0,0,0,34.4,44.78138733,45.70143509,46.60104752,47.46887207,49.59999847,49.2144165,50.09214401,50.98243713,51.89223862,56.59999847,53.78130722,54.75130844,55.73070145,65.40000153,67,68.59999847,61.05483246,55.79999924,51.66999817,62.45282364,54.20000076,64.3030777,65.22438812,66.14538574
Burkina Faso,BFA,"Access to electricity, urban (% of urban population)",EG.ELC.ACCS.UR.ZS,0,0,0,29.4,33.44026184,34.6333847,35.81386566,36.97855377,38.12428284,39.7,40.3424263,41.44242859,42.54110718,52.40000153,44.76226807,45.89863968,47.0593605,48.24084854,49.43741608,44.40999985,48.5,53.06074524,54.26076889,55.4487114,58.40000153,58.00947571,59.72346115,61.46657562,62.29999924,64.43108368,65.75390625
Bangladesh,BGD,"Access to electricity, urban (% of urban population)",EG.ELC.ACCS.UR.ZS,0,58.06059522,67.58527374,68.74897003,75.2,71.054245,72.18950653,79.5,74.40947723,75.48954773,81.19999695,77.6078949,78.6517334,79.70118713,76.59999847,82.61000061,77.7991333,82.09999847,85.21899414,86.37011719,90.09999847,90.19999695,90.61813354,88,90.69999695,93.44181824,94.01000214,99.5,96.5,97.80000305,97.80000305
Bulgaria,BGR,"Access to electricity, urban (% of urban population)",EG.ELC.ACCS.UR.ZS,100,100,100,100,100,100,100,100,100,100,100,100,100,100,100,100,100,100,100,100,100,100,100,100,100,100,100,100,100,100,99.80000305
Bahrain,BHR,"Access to electricity, urban (% of urban population)",EG.ELC.ACCS.UR.ZS,100,100,100,100,100,100,100,100,100,100,100,100,100,100,100,100,100,100,100,100,100,100,100,100,100,100,100,100,100,100,100
"Bahamas, The",BHS,"Access to electricity, urban (% of urban population)",EG.ELC.ACCS.UR.ZS,100,100,100,100,100,100,100,100,100,100,100,100,100,100,100,100,100,100,100,100,100,100,100,100,100,100,100,100,100,100,100
Bosnia and Herzegovina,BIH,"Access to electricity, urban (% of urban population)",EG.ELC.ACCS.UR.ZS,100,100,100,100,100,100,100,100,100,100,100,100,99.30000305,100,100,100,99.71469116,100,100,100,100,99.76393127,100,100,100,100,100,100,100,100,100
Belarus,BLR,"Access to electricity, urban (% of urban population)",EG.ELC.ACCS.UR.ZS,100,100,100,100,100,100,100,100,100,100,100,100,100,100,100,100,100,100,100,100,100,100,100,100,100,100,100,100,100,100,100
Belize,BLZ,"Access to electricity, urban (% of urban population)",EG.ELC.ACCS.UR.ZS,0,94,94.39466095,94.58172607,94.76247406,94.93373871,95.09236908,95.2352066,95.35908508,95.46252441,95,95.61405945,95.69219208,95.77594757,95.87226868,95.98809814,98.06713867,96.28922272,96.46524811,96.65067291,96.99964142,96.31336212,97.20643616,97.3738327,97.52978516,96.90000153,97.81497955,97.96857452,97.90000153,98.48000336,98.33164978
Bermuda,BMU,"Access to electricity, urban (% of urban population)",EG.ELC.ACCS.UR.ZS,100,100,100,100,100,100,100,100,100,100,100,100,100,100,100,100,100,100,100,100,100,100,100,100,100,100,100,100,100,100,100
Bolivia,BOL,"Access to electricity, urban (% of urban population)",EG.ELC.ACCS.UR.ZS,0,0,94.571038,96.038393,93,94.36116028,96.7,95.815075,96.1,97.837216,95.8121109,94.21113586,88.57920837,94,96.1399765,89.92088318,95.17073059,98.19528198,99.22794342,98.87411499,98.81232452,99.07926178,99.23293304,99.52007294,99.31084442,99.46434784,99.5,99.40000153,99.5,99.48000336,100
Brazil,BRA,"Access to electricity, urban (% of urban population)",EG.ELC.ACCS.UR.ZS,97.538681,98.21937561,97.523788,98.033975,98.59862518,98.589696,98.915038,99.056926,99.137016,99.186252,99.02290344,99.21511841,99.42699432,99.50418091,99.58530426,99.63481903,99.70874023,99.78144836,99.82174683,99.85167694,99.80000305,99.8985672,99.92742157,99.93501282,99.94555664,99.95619965,99.90000153,99.90000153,99.90000153,100,100
Barbados,BRB,"Access to electricity, urban (% of urban population)",EG.ELC.ACCS.UR.ZS,100,100,100,100,100,100,100,100,100,100,100,99.98738861,100,100,99.86257172,99.83374023,100,100,100,100,100,100,100,100,100,100,100,100,100,100,100
Brunei Darussalam,BRN,"Access to electricity, urban (% of urban population)",EG.ELC.ACCS.UR.ZS,100,100,100,100,100,100,100,100,100,100,100,100,100,100,100,100,100,100,100,100,100,100,100,100,100,100,100,100,100,100,100
Bhutan,BTN,"Access to electricity, urban (% of urban population)",EG.ELC.ACCS.UR.ZS,0,0,0,0,0,0,0,0,0,0,96.73999786,97.08712006,97.20254517,97.40000153,97.45719147,96.77638245,97.78777313,98.73000336,98.19932556,98.42203522,99.30555725,99.37976074,99.59999847,99.46709442,99.48758698,99.67128754,99.8473587,99.09999847,99.99046326,100,100
Botswana,BWA,"Access to electricity, urban (% of urban population)",EG.ELC.ACCS.UR.ZS,0,17.5,18.35372734,20.98817444,23.6163044,26.23495674,28.84097099,31.43118858,34.00244904,36.55327606,39.09834671,37,44.14004898,46.66585541,49.20422745,51.76210785,54.34433746,56.9473381,60.09999847,60.75999832,68.1186676,69.12999725,72.68267822,74.79098511,76.74459076,79.58000183,80.95130157,84,85.59798431,88.16737366,90.7364502
Central African Republic,CAF,"Access to electricity, urban (% of urban population)",EG.ELC.ACCS.UR.ZS,0,0,0,0,0,8,9.161859512,10.1394186,11.09802246,12.03619289,15.60000038,13.82988262,14.74490547,15.66554642,16.59875298,17.5514679,20.26367188,19.52636337,11.85999966,21.56158257,24.89999962,26.05896759,27.08168411,27.96544456,28.69450188,29.46804047,30.45211792,31.46532249,32.29737854,32.09999847,33.56291962
Canada,CAN,"Access to electricity, urban (% of urban population)",EG.ELC.ACCS.UR.ZS,100,100,100,100,100,100,100,100,100,100,100,100,100,100,100,100,100,100,100,100,100,100,100,100,100,100,100,100,100,100,100
Central Europe and the Baltics,CEB,"Access to electricity, urban (% of urban population)",EG.ELC.ACCS.UR.ZS,100,100,100,100,100,100,100,100,100,100,100,100,100,100,100,100,100,100,100,100,100,100,100,100,100,100,99.91709517,100,100,100,99.98357977
Switzerland,CHE,"Access to electricity, urban (% of urban population)",EG.ELC.ACCS.UR.ZS,100,100,100,100,100,100,100,100,100,100,100,100,100,100,100,100,100,100,100,100,100,100,100,100,100,100,100,100,100,100,100
Channel Islands,CHI,"Access to electricity, urban (% of urban population)",EG.ELC.ACCS.UR.ZS,100,100,100,100,100,100,100,100,100,100,100,100,100,100,100,100,100,100,100,100,100,100,100,100,100,100,100,100,100,100,100
Chile,CHL,"Access to electricity, urban (% of urban population)",EG.ELC.ACCS.UR.ZS,98.846714,99.18677521,99.107534,99.34539032,99.41679382,99.47872925,99.441775,99.56151581,99.667146,99.57016754,99.78211212,99.50447083,99.47129822,99.70750427,99.42875671,99.43327332,99.81494904,99.51177979,99.57649231,99.86903381,99.72842407,99.85691071,100,99.80000305,100,99.87686157,100,99.80000305,100,100,100
China,CHN,"Access to electricity, urban (% of urban population)",EG.ELC.ACCS.UR.ZS,0,0,0,0,0,0,0,0,0,0,100,99.79286957,99.76367188,99.74009705,99.7290802,99.73757935,99.77042389,99.82403564,99.89273071,99.95124817,100,99.99817657,100,100,100,100,100,100,100,100,100
Cote d'Ivoire,CIV,"Access to electricity, urban (% of urban population)",EG.ELC.ACCS.UR.ZS,0,0,0,0,69.7,78.37639618,79.04418945,79.69618988,80.32923126,85.9,81.54550934,82.13137054,82.71591187,83.30606842,83.90879059,86.40000153,91.22701263,85.84494781,88.76999664,87.21920013,87.91472626,88.09999847,88.09999847,89.96796417,90.63031769,86.5,92,92.56778717,93.20343781,93.83718109,94.47060394
Cameroon,CMR,"Access to electricity, urban (% of urban population)",EG.ELC.ACCS.UR.ZS,0,63,70.07416534,70.97626495,71.87203979,72.75833893,73.63199615,74.48986053,79,76.14724731,79,83.95034027,78.53894043,79.33648682,77.09999847,80.97621155,73,90.40000153,83.59473419,84.49394226,87.3780365,87.5,88.2696991,88.5418396,89.19999695,89.80220795,90.65477753,91.50163269,90,93.18579865,94.02661133
"Congo, Dem. Rep.",COD,"Access to electricity, urban (% of urban population)",EG.ELC.ACCS.UR.ZS,0,0,0,0,0,0,0,0,0,0,20,23.84301186,25.32820892,26.81902313,28.32240105,30,31.39252472,36.59999847,34.54361343,36.13609314,37.73228073,39.32649231,40.79999924,42.48749161,42,36.44277573,38.04213333,39.551754,40.51482391,41.18114853,40.65993118
"Congo, Rep.",COG,"Access to electricity, urban (% of urban population)",EG.ELC.ACCS.UR.ZS,0,0,0,0,0,0,0,0,0,0,45.99071121,46.93104172,47.87004089,48.81466293,49.77184677,50.79999924,51.7495842,52.77139282,53.80828476,53.59999847,56.94135284,58.05186462,58.90000153,59.99497223,60.7423439,61.53419876,62.53659058,63.5681076,64.41847992,65.10942841,66.00507355
Colombia,COL,"Access to electricity, urban (% of urban population)",EG.ELC.ACCS.UR.ZS,97.9,98.70593262,98.80570221,98.9023056,98.99259186,99.2,99.14157867,99.19395447,99.22737122,99.24035645,99.40000153,99.91000366,99.1968689,99.1884613,99.19262695,99.30000305,99.26432037,99.33310699,99.71327972,99.60704803,99.77147675,99.78850555,99.72610474,99.82022858,99.83836365,99.80971527,99.80000305,99.90000153,99.90000153,100,100
Comoros,COM,"Access to electricity, urban (% of urban population)",EG.ELC.ACCS.UR.ZS,0,0,0,0,0,0,51.8,59.05176163,60.81581497,62.5594368,64.32091522,66.0304184,74.59999847,69.45238495,71.17874146,72.92461395,74.69482422,76.48580933,78.29187775,80.10733795,84.86328125,84.91187286,85.09999847,87.3506546,89.13665009,90.9131012,92.68192291,94.44502258,96.20431519,97.96169281,99.71875
Cabo Verde,CPV,"Access to electricity, urban (% of urban population)",EG.ELC.ACCS.UR.ZS,0,0,0,0,0,0,0,0,0,0,81.86114502,82.43199158,81.27494049,83.57666016,84.16436768,85,85.40315247,86.05548859,86.72290802,87.39971161,90.62070465,91.09709167,91.50092316,91.76580048,91.87596893,92.03062439,92.39582062,92.79013824,93.2488327,93.5,94.48597717
Costa Rica,CRI,"Access to electricity, urban (% of urban population)",EG.ELC.ACCS.UR.ZS,0,0,0,0,0,0,0,0,0,0,99.80000305,99.87410736,99.86346436,99.88254547,99.84706879,99.89461517,99.93041992,99.9171524,99.92409515,99.92992401,99.74643707,99.96448517,99.98336792,99.93994904,99.70480347,99.92992401,99.80000305,99.80000305,99.90000153,99.91999817,99.94000244
Caribbean small states,CSS,"Access to electricity, urban (% of urban population)",EG.ELC.ACCS.UR.ZS,0,0,0,0,0,0,0,0,0,91.82950744,94.59763245,95.36988078,95.33866527,95.23704263,95.45267184,95.30299333,95.52450034,96.27995044,98.5243763,96.99085312,97.12865628,97.64494089,97.97716156,97.72078416,97.82536508,98.39479364,99.17313434,99.40675506,99.55316281,99.61851411,99.63837863
Cuba,CUB,"Access to electricity, urban (% of urban population)",EG.ELC.ACCS.UR.ZS,0,0,0,0,0,0,0,0,0,0,100,99.77854919,99.72693634,99.68093872,99.64750671,99.63358307,99.64401245,99.67520142,99.72148132,99.77714539,99.83652496,99.8939209,99.93746185,99.97227478,99.99180603,99.9988327,100,100,100,99.90000153,100
Curacao,CUW,"Access to electricity, urban (% of urban population)",EG.ELC.ACCS.UR.ZS,99.50241089,99.56900024,99.6350708,99.69797516,99.75456238,99.80167389,99.83615112,99.85482788,99.85454559,99.83383179,100,100,100,100,100,100,100,99.60758972,99.6634903,99.72878265,100,100,100,100,100,100,100,100,100,100,100
Cayman Islands,CYM,"Access to electricity, urban (% of urban population)",EG.ELC.ACCS.UR.ZS,99.8430481,99.89846039,99.9473114,100,100,100,100,100,100,100,100,100,100,100,100,100,100,100,100,100,100,100,100,100,100,100,100,100,100,100,100
Cyprus,CYP,"Access to electricity, urban (% of urban population)",EG.ELC.ACCS.UR.ZS,100,100,100,100,100,100,100,100,100,100,100,100,100,100,100,100,100,100,100,100,100,100,100,100,100,100,100,100,100,100,100
Czech Republic,CZE,"Access to electricity, urban (% of urban population)",EG.ELC.ACCS.UR.ZS,100,100,100,100,100,100,100,100,100,100,100,100,100,100,100,100,100,100,100,100,100,100,100,100,100,100,100,100,100,100,100
Germany,DEU,"Access to electricity, urban (% of urban population)",EG.ELC.ACCS.UR.ZS,100,100,100,100,100,100,100,100,100,100,100,100,100,100,100,100,100,100,100,100,100,100,100,100,100,100,100,100,100,100,100
Djibouti,DJI,"Access to electricity, urban (% of urban population)",EG.ELC.ACCS.UR.ZS,0,0,0,0,0,0,53.55210495,54.31375504,55.05644989,55.77871323,56.47273254,57.170578,56.90000153,58.56923676,59.28393936,60.01815033,62.40000153,61.55604172,62.35044861,63.15425491,63.96176529,64.76730347,64.24208069,66.35094452,67.12528229,67.89008331,68.64724731,0,70.62119293,71.42930603,72.15770721
Dominica,DMA,"Access to electricity, urban (% of urban population)",EG.ELC.ACCS.UR.ZS,0,0,0,0,0,0,0,0,0,0,0,0,0,0,0,0,0,0,0,0,0,0,0,0,0,0,0,0,0,0,0
Denmark,DNK,"Access to electricity, urban (% of urban population)",EG.ELC.ACCS.UR.ZS,100,100,100,100,100,100,100,100,100,100,100,100,100,100,100,100,100,100,100,100,100,100,100,100,100,100,100,100,100,100,100
Dominican Republic,DOM,"Access to electricity, urban (% of urban population)",EG.ELC.ACCS.UR.ZS,0,96.5,95.30583191,95.54391479,95.77568054,95.99797058,96.20761871,96.401474,96.57637024,98.9,96.57286072,96.94949341,96.67467499,95.0377655,95.52470398,95.18495941,94.38929749,99.60690308,99.57231903,99.73281097,99.76715851,99.71957397,99.65170288,99.8835907,99.85990906,99.82724762,99.90000153,100,99.59999847,99.59999847,100
Algeria,DZA,"Access to electricity, urban (% of urban population)",EG.ELC.ACCS.UR.ZS,0,0,0,0,0,0,0,0,0,0,99.44464874,99.40622711,99.36647797,99.33235168,99.31078339,99.30873108,99.33102417,99.37408447,100,99.49976349,99.57100677,99.64027405,99.25673676,99.75138092,99.7894516,99.81797791,99.83888245,99.85405731,99.93395233,99.80000305,99.88401031
East Asia & Pacific (excluding high income),EAP,"Access to electricity, urban (% of urban population)",EG.ELC.ACCS.UR.ZS,0,0,0,0,0,0,0,0,0,0,98.21817733,98.16339433,98.24000257,98.62235768,98.38151081,98.46409164,98.59804349,98.85905118,98.94866869,97.99020152,98.18465074,98.29234702,98.35473746,98.46204986,98.54314562,98.67441269,98.78061518,98.84882315,98.91798974,98.97502302,98.9968915
Early-demographic dividend,EAR,"Access to electricity, urban (% of urban population)",EG.ELC.ACCS.UR.ZS,0,0,0,88.34713294,89.94967551,90.1145676,90.36775834,91.31064236,91.24216392,92.71520778,92.75077825,92.19176914,93.01998495,93.47225551,93.44393549,93.87360765,94.45336429,94.64089581,95.08824604,96.22061116,95.7821448,95.65442621,96.77976059,96.88516886,97.2980405,97.45490459,97.86223655,98.51738327,98.50688863,98.8211244,98.92910021
East Asia & Pacific,EAS,"Access to electricity, urban (% of urban population)",EG.ELC.ACCS.UR.ZS,0,0,0,0,0,0,0,0,0,0,98.58441954,98.53483916,98.59018814,98.89178328,98.69247453,98.75386078,98.85797713,99.0669223,99.13713413,98.33956916,98.49477644,98.57819642,98.62433845,98.70876395,98.77214334,98.87871808,98.96500905,99.01958652,99.07567183,99.12195843,99.13826766
Europe & Central Asia (excluding high income),ECA,"Access to electricity, urban (% of urban population)",EG.ELC.ACCS.UR.ZS,100,100,100,100,100,99.99492966,99.9972211,99.98799532,99.98805059,99.95470527,99.97117338,99.97171015,99.97642825,99.97308114,99.86577491,99.84921551,99.84543793,99.87504883,99.89761572,99.91969207,99.98344668,99.9809313,99.98417736,99.98048341,99.98776793,97.96902778,99.98820629,99.99115678,99.989258,99.98648236,99.98226543
Europe & Central Asia,ECS,"Access to electricity, urban (% of urban population)",EG.ELC.ACCS.UR.ZS,100,100,100,100,100,99.99830458,99.99903936,99.9958395,99.99587248,99.9841052,99.98842661,99.98865894,99.99057168,99.98925568,99.9465281,99.94003695,99.9386225,99.95043167,99.9593917,99.96812137,99.99341776,99.99239083,99.99367385,99.99218211,99.99509102,99.18326036,99.98711648,99.99642957,99.99565577,99.99452286,99.99280447
Ecuador,ECU,"Access to electricity, urban (% of urban population)",EG.ELC.ACCS.UR.ZS,0,0,0,0,0,97.908304,99.05529785,99.10906219,99.626074,99.289697,99.18326569,99.16448212,99.14437103,99.29113007,99.12794495,99.66875458,99.52588654,99.63354492,99.58668518,98.98438263,99.71504974,99.78308105,99.62886047,99.54737091,99.83164215,99.86940765,99.80000305,100,99.69999695,99.83999634,99.66000366
"Egypt, Arab Rep.",EGY,"Access to electricity, urban (% of urban population)",EG.ELC.ACCS.UR.ZS,0,0,98.4,99.05046844,99.13484955,99,99.27202606,99.3184967,99.3460083,99.35309601,99.5,99.31825256,99.29678345,99.69999695,99.80428314,99.80000305,99.33442688,99.39576721,99.90000153,99.55799866,99.67411041,99.73505402,99.53282166,99.88272095,99.90000153,99.09999847,99.99266052,99.99911499,100,100,100
Euro area,EMU,"Access to electricity, urban (% of urban population)",EG.ELC.ACCS.UR.ZS,100,100,100,100,100,100,100,100,100,100,100,100,100,100,100,100,100,100,100,100,100,100,100,100,100,100,100,100,100,100,100
Eritrea,ERI,"Access to electricity, urban (% of urban population)",EG.ELC.ACCS.UR.ZS,0,0,0,0,0,80.6,79.9806366,79.79773712,79.5958786,79.37358856,79.22663116,79.02005768,78.30000305,78.60987091,78.42015839,78.24994659,78.10409546,77.97900391,77.86898804,77.76837921,77.67147064,77.57258606,77.46603394,77.34738922,77.21730804,77.07769012,76.93043518,76.77745819,76.62067413,76.4619751,76.30296326
Spain,ESP,"Access to electricity, urban (% of urban population)",EG.ELC.ACCS.UR.ZS,100,100,100,100,100,100,100,100,100,100,100,100,100,100,100,100,100,100,100,100,100,100,100,100,100,100,100,100,100,100,100
Estonia,EST,"Access to electricity, urban (% of urban population)",EG.ELC.ACCS.UR.ZS,100,100,100,100,100,100,100,100,100,100,100,100,100,100,100,100,100,100,100,100,100,100,100,100,100,100,100,100,100,100,100
Ethiopia,ETH,"Access to electricity, urban (% of urban population)",EG.ELC.ACCS.UR.ZS,0,0,0,0,0,0,0,0,0,0,76.19999695,79.2469635,79.89573669,80.55013275,81.21709442,85.69999695,82.61438751,83.34597015,84.09263611,84.84870148,85.60847473,85.19999695,87.11638641,87.85442352,91.98252106,85,85.40000153,96.59999847,91.92124939,92.62444305,93.2479248
European Union,EUU,"Access to electricity, urban (% of urban population)",EG.ELC.ACCS.UR.ZS,100,100,100,100,100,100,100,100,100,100,100,100,100,100,100,100,100,100,100,100,100,100,100,100,100,100,99.9839161,100,100,100,99.99687085
Fragile and conflict affected situations,FCS,"Access to electricity, urban (% of urban population)",EG.ELC.ACCS.UR.ZS,0,0,0,0,0,0,0,0,0,0,78.28046755,78.44310714,78.58844579,78.66668737,78.8791859,79.20792961,79.27733967,80.71474217,79.55982002,80.07262564,80.94274087,82.68228455,82.66513361,82.68877531,83.01817326,81.55940548,82.98107631,82.8741683,82.2603342,83.46189128,83.47494742
Finland,FIN,"Access to electricity, urban (% of urban population)",EG.ELC.ACCS.UR.ZS,100,100,100,100,100,100,100,100,100,100,100,100,100,100,100,100,100,100,100,100,100,100,100,100,100,100,100,100,100,100,100
Fiji,FJI,"Access to electricity, urban (% of urban population)",EG.ELC.ACCS.UR.ZS,0,0,0,0,0,0,89.57989502,90.06519318,90.53153992,90.97744751,91.44167328,91.85527802,92.05000305,92,93.11589813,93.56586456,94.04017639,94.53526306,96.47000122,95.56498718,96.08824921,96.60953522,97.12316132,97.26000214,98.11478424,98.59533691,99.06825256,99.5354538,99.82519531,99.97067261,100
France,FRA,"Access to electricity, urban (% of urban population)",EG.ELC.ACCS.UR.ZS,100,100,100,100,100,100,100,100,100,100,100,100,100,100,100,100,100,100,100,100,100,100,100,100,100,100,100,100,100,100,100
Faroe Islands,FRO,"Access to electricity, urban (% of urban population)",EG.ELC.ACCS.UR.ZS,100,100,100,100,100,100,100,100,100,100,100,100,100,100,100,100,100,100,100,100,100,100,100,100,100,100,100,100,100,100,100
"Micronesia, Fed. Sts.",FSM,"Access to electricity, urban (% of urban population)",EG.ELC.ACCS.UR.ZS,0,0,0,0,0,0,0,0,0,0,70,72.10547638,73.33535767,74.57085419,75.81892395,77.08649445,78.37841797,79.6911087,81.01888275,82.35604858,84.59127808,85.65329742,86.5388031,87.68618774,88.99388885,90.29204559,91.58258057,92.86738586,94.14837646,95.42746735,96.70623016
Gabon,GAB,"Access to electricity, urban (% of urban population)",EG.ELC.ACCS.UR.ZS,0,0,0,0,0,0,0,0,0,0,90.19999695,91.37936401,91.69391632,92.01409912,92.3468399,93.19999695,93.07568359,93.47305298,93.88550568,94.30734253,95.95653534,96.23373413,98.09999847,94.30000305,96.42429352,96.75140381,97.1266098,97.81999969,97.861763,98.2255249,98.58896637
United Kingdom,GBR,"Access to electricity, urban (% of urban population)",EG.ELC.ACCS.UR.ZS,100,100,100,100,100,100,100,100,100,100,100,100,100,100,100,100,100,100,100,100,100,100,100,100,100,100,100,100,100,100,100
Georgia,GEO,"Access to electricity, urban (% of urban population)",EG.ELC.ACCS.UR.ZS,0,0,0,0,0,0,0,0,0,0,99.91777039,99.86647797,100,100,99.93000031,98.31919098,100,100,100,100,100,100,100,100,100,100,100,100,99.80000305,100,100
Ghana,GHA,"Access to electricity, urban (% of urban population)",EG.ELC.ACCS.UR.ZS,0,0,0,74.6,74.66521454,75.33365631,75.98945618,76.6294632,82.4,77.85112762,80.5,79.00682068,79.58102417,76.90000153,80.75324249,78.44000244,80.72065735,82.65840912,84.80000305,84.01200104,72.80000305,84.95149231,86.76000214,88.5,90.80000305,88.07102966,89.80000305,90,89.90000153,93.80000305,94.71047974
Gibraltar,GIB,"Access to electricity, urban (% of urban population)",EG.ELC.ACCS.UR.ZS,100,100,100,100,100,100,100,100,100,100,100,100,100,100,100,100,100,100,100,100,100,100,100,100,100,100,100,100,100,100,100
Guinea,GIN,"Access to electricity, urban (% of urban population)",EG.ELC.ACCS.UR.ZS,0,0,0,0,0,0,0,0,0,53.8,55.8693161,57.41962814,58.9686203,60.52322769,62.09039688,63.79999924,65.28810883,66.91990662,68.56678772,70.22306061,71.88304138,73.54103851,74.19999695,76.8817749,78.45642853,80.07369995,82.19999695,83.55440521,86.69999695,86,88.08341217
"Gambia, The",GMB,"Access to electricity, urban (% of urban population)",EG.ELC.ACCS.UR.ZS,0,0,0,38.87835312,40.44319534,41.99856186,43.54128647,45.06821823,46.57619095,48.06373215,51.15999985,51.00473785,52.46678925,53.93445969,55.41469574,54.43685913,58.43852997,59.98339081,61.54333496,63.1126709,64.68571472,66.2567749,67.82017517,67,70.91135406,72.44168854,73.96438599,79.40000153,0,0,80.63490295
Guinea-Bissau,GNB,"Access to electricity, urban (% of urban population)",EG.ELC.ACCS.UR.ZS,0,0,0,0,0,0,0,0,0,0,23.9507637,24.19966507,24.44723701,24.70042992,24.96618462,25.25145149,34.40040588,25.89144707,26.23691177,26.59176826,11.80000019,27.30692101,27.65584183,27.99267578,33.09999847,35.37715912,39.72172546,44.09542084,48.2879715,52.3210907,56.27449417
Equatorial Guinea,GNQ,"Access to electricity, urban (% of urban population)",EG.ELC.ACCS.UR.ZS,0,0,0,0,0,0,0,0,0,0,94.59363556,94.35191345,94.10886383,93.87142944,93.64656067,93.44120789,93.2602005,93.09996033,92.95479584,92.81903076,93.11724854,93.09999847,92.41123199,92.25744629,92.09220886,91.91744232,91.73503876,91.54691315,91.35497284,91.16112518,90.96696472
Greece,GRC,"Access to electricity, urban (% of urban population)",EG.ELC.ACCS.UR.ZS,100,100,100,100,100,100,100,100,100,100,100,100,100,100,100,100,100,100,100,100,100,100,100,100,100,100,100,100,100,100,100
Grenada,GRD,"Access to electricity, urban (% of urban population)",EG.ELC.ACCS.UR.ZS,0,0,0,0,0,0,0,0,0,0,0,0,0,0,0,0,0,0,0,0,0,0,0,0,0,0,0,0,0,0,0
Greenland,GRL,"Access to electricity, urban (% of urban population)",EG.ELC.ACCS.UR.ZS,100,100,100,100,100,100,100,100,100,100,100,100,100,100,100,100,100,100,100,100,100,100,100,100,100,100,100,100,100,100,100
Guatemala,GTM,"Access to electricity, urban (% of urban population)",EG.ELC.ACCS.UR.ZS,0,0,0,0,0,88.9,92.30475616,92.53014374,92.73657227,91.3,95.39783478,93.24887848,95.71096802,96.03089905,93.74276733,93.93716431,94.40666199,94.39540863,94.6499939,94.91397858,95.18166351,94.60327911,95.70542145,95.9513855,94.46313477,96.41087341,96.6282196,96.83984375,97.0476532,97.25354767,97.45913696
Guam,GUM,"Access to electricity, urban (% of urban population)",EG.ELC.ACCS.UR.ZS,99.86621094,99.91825867,99.96175385,99.98839569,99.99834442,100,100,100,100,100,100,100,100,100,100,100,100,100,100,100,100,100,100,100,100,100,100,100,100,100,100
Guyana,GUY,"Access to electricity, urban (% of urban population)",EG.ELC.ACCS.UR.ZS,0,0,0,90.396341,86.21174622,86.41713715,86.6098938,86.78684998,86.94484711,87.08241272,87.18975067,87.30096436,87.4108429,87.5263443,87.65440369,81.59999847,82.41903687,88.16658783,88.37435913,90.90000153,92.32691193,93.01670074,93.63700867,94.11836243,94.40000153,94.81613922,95.39781189,96.00860596,96.43825531,96.70847321,96.89897919
High income,HIC,"Access to electricity, urban (% of urban population)",EG.ELC.ACCS.UR.ZS,99.96998695,99.97732843,99.97179898,99.97832638,99.97991474,99.98126095,99.98157818,99.98349729,99.98531133,99.98339447,99.9872307,99.98218165,99.98158303,99.98509427,99.98107547,99.98139657,99.9885878,99.98419647,99.98592364,99.99116856,99.99080856,99.99182303,99.99580852,99.99127658,99.99631809,99.99473489,99.99156104,99.99407089,99.99772554,99.9983898,99.99906183
"Hong Kong SAR, China",HKG,"Access to electricity, urban (% of urban population)",EG.ELC.ACCS.UR.ZS,100,100,100,100,100,100,100,100,100,100,100,100,100,100,100,100,100,100,100,100,100,100,100,100,100,100,100,100,100,100,100
Honduras,HND,"Access to electricity, urban (% of urban population)",EG.ELC.ACCS.UR.ZS,0,88.700619,89.851267,92.082517,92.144467,93.264253,93.877733,95.072358,96.042962,95.3172,94.44295502,94.69595337,93.14065552,94.46618652,95.8866272,96.04257965,96.8561554,97.53937531,97.96064758,97.92108154,98.75944519,99.17497253,98.48667145,98.98967743,98.76234436,98.8976593,99.09999847,97.80000305,98.90000153,99,100
Heavily indebted poor countries (HIPC),HPC,"Access to electricity, urban (% of urban population)",EG.ELC.ACCS.UR.ZS,0,0,0,0,0,0,0,57.44171042,58.55751016,58.56986765,54.61616077,55.22114645,55.88888898,56.67200292,58.22313367,59.11013034,60.15556984,61.80663792,60.84822826,62.76831437,64.19139231,66.76040746,68.86738238,69.26131051,70.55713762,69.62126684,71.72244271,73.49584616,74.259952,75.98968032,76.59169554
Croatia,HRV,"Access to electricity, urban (% of urban population)",EG.ELC.ACCS.UR.ZS,100,100,100,100,100,100,100,100,100,100,100,100,100,100,100,100,100,100,100,100,100,100,100,100,100,100,100,100,100,100,100
Haiti,HTI,"Access to electricity, urban (% of urban population)",EG.ELC.ACCS.UR.ZS,0,0,0,0,0,76.5,68.83561707,68.9942627,69.13395691,69.25321198,81.90000153,62.46408081,69.52187347,50.38757324,69.72888184,69.85817719,68.90000153,70.18623352,70.37573242,70.57462311,70.77721405,71.48587036,72.59999847,73.73788452,74.63970947,75.58602142,76.40000153,77.92884064,78.93367004,79.77906036,80.5447464
Hungary,HUN,"Access to electricity, urban (% of urban population)",EG.ELC.ACCS.UR.ZS,100,100,100,100,100,100,100,100,100,100,100,100,100,100,100,100,100,100,100,100,100,100,100,100,100,100,100,100,100,100,100
IBRD only,IBD,"Access to electricity, urban (% of urban population)",EG.ELC.ACCS.UR.ZS,0,0,0,0,0,0,0,0,0,0,96.75830334,96.36882569,96.86901643,97.13111885,97.10477075,97.23916541,97.65411256,97.71571778,97.87778843,98.4343597,98.2480449,98.16348354,98.64560749,98.73888992,98.72389625,98.7090673,99.10857107,99.24414462,99.27468939,99.46786434,99.52584801
IDA & IBRD total,IBT,"Access to electricity, urban (% of urban population)",EG.ELC.ACCS.UR.ZS,0,0,0,0,0,0,0,0,0,0,93.04760044,92.68289719,93.15170024,93.40582051,93.39770998,93.6450761,93.97652985,94.20899225,94.26972243,94.84607191,94.71919908,95.03226515,95.49972909,95.51515053,95.58669813,95.47734714,96.1200254,96.77475709,96.94247351,97.23211569,96.7635537
IDA total,IDA,"Access to electricity, urban (% of urban population)",EG.ELC.ACCS.UR.ZS,0,0,0,0,0,0,0,0,74.43357249,74.70718857,72.28196818,72.31825249,72.86647489,73.32804552,73.6663592,74.7590332,74.91034215,76.33534767,76.14795573,77.08369482,77.50586335,79.96567876,80.54832542,80.38205769,81.0478922,80.71051658,82.66221336,83.67585457,83.99325599,85.1825132,85.1166143
IDA blend,IDB,"Access to electricity, urban (% of urban population)",EG.ELC.ACCS.UR.ZS,0,0,0,0,0,0,0,0,86.89322089,86.99606226,86.49002445,86.92529997,86.75036257,87.07290971,86.97035138,87.37033208,87.20315626,89.21628823,88.50417392,88.53353565,86.68739959,90.26793481,89.36595051,89.37360915,89.40745017,88.94260466,91.40661114,0,0,0,91.43434591
Indonesia,IDN,"Access to electricity, urban (% of urban population)",EG.ELC.ACCS.UR.ZS,0,87.6,93.01299286,93.3634491,94.6,94.04223633,94.36425781,97.5,94.95775604,95.22458649,95.50320435,95.7283783,95.9522171,98.09999847,96.42370605,96.6852417,96.97112274,98.19999695,97.59951019,98.90000153,98.95999908,99.34999847,99.19999695,99.67316437,99.73999786,99.83139038,99.80000305,99.88999939,99.87999725,99.88999939,99.59999847
IDA only,IDX,"Access to electricity, urban (% of urban population)",EG.ELC.ACCS.UR.ZS,0,0,0,0,0,0,0,0,0,63.2522958,63.09188534,62.87744239,63.91157349,64.48968642,65.13542876,66.69400647,67.06656055,68.17099266,68.33436923,69.85661498,71.712622,73.46185444,74.98316063,74.70825225,75.77552593,75.52888137,77.17188856,79.37004866,79.34793057,80.82333275,81.20490577
Isle of Man,IMN,"Access to electricity, urban (% of urban population)",EG.ELC.ACCS.UR.ZS,100,100,100,100,100,100,100,100,100,100,100,100,100,100,100,100,100,100,100,100,100,100,100,100,100,100,100,100,100,100,100
India,IND,"Access to electricity, urban (% of urban population)",EG.ELC.ACCS.UR.ZS,0,0,0,82.8,85.20610046,85.8353653,86.45200348,87.05283356,87.63471222,91.3,88.75102997,87.59999847,89.8030014,90.33394623,90.87744904,91.44046783,93.09999847,92.63597107,93.25917816,96.09999847,94,92.90000153,96.09999847,96.40370178,97.00684357,97.5,98.18641663,98.7666626,99.09999847,99.7377243,100
Not classified,INX,"Access to electricity, urban (% of urban population)",EG.ELC.ACCS.UR.ZS,0,0,0,0,0,0,0,0,0,0,0,0,0,0,0,0,0,0,0,0,0,0,0,0,0,0,0,0,0,0,0
Ireland,IRL,"Access to electricity, urban (% of urban population)",EG.ELC.ACCS.UR.ZS,100,100,100,100,100,100,100,100,100,100,100,100,100,100,100,100,100,100,100,100,100,100,100,100,100,100,100,100,100,100,100
"Iran, Islamic Rep.",IRN,"Access to electricity, urban (% of urban population)",EG.ELC.ACCS.UR.ZS,0,0,0,0,0,0,0,0,0,0,100,99.91627502,99.86096954,99.80924225,99.7700882,99.75043488,100,99.7806015,99.82115173,100,99.92247772,99.96427917,99.98939514,99.98000336,100,100,99.98999786,100,100,100,100
Iraq,IRQ,"Access to electricity, urban (% of urban population)",EG.ELC.ACCS.UR.ZS,0,0,0,0,0,0,0,0,0,0,99.37512207,99.35404968,99.33165741,99.31488037,99.31066895,99.32596588,99.54349518,99.42602539,99.50152588,99.58641052,99.67501068,100,99.69000244,99.90126038,99.95297241,99.98493195,99.99768066,100,99.90000153,100,100
Iceland,ISL,"Access to electricity, urban (% of urban population)",EG.ELC.ACCS.UR.ZS,100,100,100,100,100,100,100,100,100,100,100,100,100,100,100,100,100,100,100,100,100,100,100,100,100,100,100,100,100,100,100
Israel,ISR,"Access to electricity, urban (% of urban population)",EG.ELC.ACCS.UR.ZS,100,100,100,100,100,100,100,100,100,100,100,100,100,100,100,100,100,100,100,100,100,100,100,100,100,100,100,100,100,100,100
Italy,ITA,"Access to electricity, urban (% of urban population)",EG.ELC.ACCS.UR.ZS,100,100,100,100,100,100,100,100,100,100,100,100,100,100,100,100,100,100,100,100,100,100,100,100,100,100,100,100,100,100,100
Jamaica,JAM,"Access to electricity, urban (% of urban population)",EG.ELC.ACCS.UR.ZS,82.110334,86.11855316,86.70111084,87.28050995,87.85358429,88.41719055,92.356928,89.50331879,90.01953125,88.49866,90.98552704,92.72131348,92.63907623,92.3928299,92.87779999,93.38228607,93.91110992,94.46070862,99.5,95.59945679,95.80000305,96.75304413,97.32117462,96.59999847,96.75,98,99.48432922,99.80588531,99.96777344,100,100
Jordan,JOR,"Access to electricity, urban (% of urban population)",EG.ELC.ACCS.UR.ZS,99.23476686,99.35246277,99.42790985,99.50019073,99.56616211,99.62265015,99.66650391,99.8,99.70365906,99.69232941,99.65599823,99.61821747,99.69999695,99.54562378,99.52469635,99.52328491,100,99,100,99.59999847,100,99.85868073,99.5,99.9605484,99.98782349,99.99819183,100,100,100,100,100
Japan,JPN,"Access to electricity, urban (% of urban population)",EG.ELC.ACCS.UR.ZS,100,100,100,100,100,100,100,100,100,100,100,100,100,100,100,100,100,100,100,100,100,100,100,100,100,100,100,100,100,100,100
Kazakhstan,KAZ,"Access to electricity, urban (% of urban population)",EG.ELC.ACCS.UR.ZS,0,0,0,0,0,99.9,99.94128418,99.94973755,99.94932556,99.4,99.91017914,99.79000092,99.91999817,100,100,100,99.82867432,100,100,100,100,99.96874237,100,100,100,100,100,100,100,100,100
Kenya,KEN,"Access to electricity, urban (% of urban population)",EG.ELC.ACCS.UR.ZS,0,0,0,42.5,39.22034073,41.0309639,42.82894897,44.61113739,47.5,48.11716843,49.84423447,51.56052017,53.27547836,50.20000076,56.72919846,58.48184967,60.2588501,62.05661774,63.86946869,65.59999847,58.20000076,69.34163666,71.15794373,72.96216583,68.40000153,78.09999847,84.30000305,83.88960266,87.38800049,90.80000305,93.98622131
Kyrgyz Republic,KGZ,"Access to electricity, urban (% of urban population)",EG.ELC.ACCS.UR.ZS,0,0,0,0,0,0,0,100,99.7698288,99.72615051,99.65518951,99.58585358,100,99.45014191,99.3976593,99.77748108,98.51000214,99.58999634,99.37999725,99.48000336,99.13999939,99.30000305,99.80000305,98.94999695,99.90000153,98.66000366,99.52999878,100,100,99.71401215,99.50406647
Cambodia,KHM,"Access to electricity, urban (% of urban population)",EG.ELC.ACCS.UR.ZS,0,0,0,0,0,0,0,0,55.98,59.27936935,60.59999847,65.26025391,67.19931793,69.14400482,71.10124969,66.80000305,75.07911682,77.1009903,87,81.18429565,91.30000305,93.58457947,94.2924118,94.86128998,96.90000153,95.73413086,96.40332031,99.05999756,99.35926819,96.90000153,97.30000305
Kiribati,KIR,"Access to electricity, urban (% of urban population)",EG.ELC.ACCS.UR.ZS,0,0,0,0,0,0,0,0,0,0,93.68945313,93.28018951,92.86959839,92.46463013,92.07221985,93.61296844,91.69999695,91.02298737,90.710289,88.55999756,89.54511261,89.80580139,89.49655914,89.30421448,89.10295868,88.30999756,88.99995422,89.08285522,88.98460388,88.72692108,88.38952637
St. Kitts and Nevis,KNA,"Access to electricity, urban (% of urban population)",EG.ELC.ACCS.UR.ZS,99.14697266,99.22695923,99.30641174,99.38271332,99.45269012,99.51318359,99.56105042,99.59311676,99.60622406,99.59889984,99.48661041,99.45800781,99.42807007,99.40375519,99.39200592,99.39976501,99.43187714,99.48474884,99.55270386,99.63005829,99.71111298,100,100,100,100,100,100,100,100,100,100
"Korea, Rep.",KOR,"Access to electricity, urban (% of urban population)",EG.ELC.ACCS.UR.ZS,99.89510345,99.9445343,99.98054504,99.99677277,100,100,100,100,100,100,99.99436951,100,100,100,100,100,100,100,100,100,100,100,100,100,100,100,100,100,100,100,100
Kuwait,KWT,"Access to electricity, urban (% of urban population)",EG.ELC.ACCS.UR.ZS,100,100,100,100,100,100,100,100,100,100,100,100,100,100,100,100,100,100,100,100,100,100,100,100,100,100,100,100,100,100,100
Latin America & Caribbean (excluding high income),LAC,"Access to electricity, urban (% of urban population)",EG.ELC.ACCS.UR.ZS,0,0,96.90817445,97.35952569,97.64986745,97.43664866,97.63865204,97.76595816,97.90183391,98.08719861,98.2646595,97.98612107,98.16008573,98.01074474,98.31960924,98.35203788,98.57550349,98.69048108,98.95427829,98.92881905,99.10797339,99.18810985,99.26636097,99.3521733,99.3276918,99.29804258,99.41569475,99.4827006,99.46650739,99.56188738,99.63227575
Lao PDR,LAO,"Access to electricity, urban (% of urban population)",EG.ELC.ACCS.UR.ZS,0,0,0,97,95.37110138,95.52606201,95.66838837,95.79491425,95.90248871,95.98963165,96.06880188,96.12661743,96.1831131,97,96.31989288,92.19999695,94.13188171,97.41999817,99,96.9900589,97.15753937,97.32304382,97.43094635,97.69154358,97.91233826,97.80000305,98.65343475,99.5,99.48217773,99.64654541,100
Lebanon,LBN,"Access to electricity, urban (% of urban population)",EG.ELC.ACCS.UR.ZS,0,0,0,0,0,0,0,0,0,0,98.97848511,99.02550507,99.07119751,99.12250519,99.18637848,99.26976013,99.47872925,99.50598907,100,99.80255127,99.91344452,99.75331116,99.99745178,100,100,100,100,100,100,100,100
Liberia,LBR,"Access to electricity, urban (% of urban population)",EG.ELC.ACCS.UR.ZS,0,0,0,0,0,0,0,0,0,0,0,0,0,0,0,0,0,6.900000095,3.42975688,3.5,9.713202477,7.199999809,15.98873138,16.39999962,14.80000019,25.32183838,31.20000076,40.5,37.27430344,37,45.17257309
Libya,LBY,"Access to electricity, urban (% of urban population)",EG.ELC.ACCS.UR.ZS,0,0,0,0,0,0,0,0,0,0,100,99.92259979,99.96117401,99.98699951,99.99793243,100,100,100,100,100,100,100,100,100,100,100,100,100,100,100,100
St. Lucia,LCA,"Access to electricity, urban (% of urban population)",EG.ELC.ACCS.UR.ZS,0,0,0,0,0,0,0,0,0,0,95.54153442,95.90000153,95.29051971,95.16996765,95.0619812,94.97350311,94.90937805,94.86601257,94.83773804,94.81884766,94.80367279,94.78651428,94.11764526,94.72478485,94.95701599,95.32717896,95.90788269,96.51771545,96.94639587,97.21565247,100
Latin America & Caribbean,LCN,"Access to electricity, urban (% of urban population)",EG.ELC.ACCS.UR.ZS,0,0,97.21871449,97.60403053,97.86674849,97.67511505,97.85661414,97.97087283,98.0725731,98.24303417,98.42914713,98.17615317,98.31808866,98.18358574,98.44722759,98.47610843,98.69005915,98.78533283,99.02635795,99.01749973,99.17998834,99.25660442,99.33645487,99.40508115,99.39284962,99.36274588,99.47161998,99.52505246,99.51658222,99.60294739,99.66726091
Least developed countries: UN classification,LDC,"Access to electricity, urban (% of urban population)",EG.ELC.ACCS.UR.ZS,0,0,0,0,0,0,0,0,0,0,56.66034511,55.77737073,57.85309564,58.74138377,59.35029064,61.23976883,61.44234629,63.53168659,63.23413222,64.87214589,68.48685157,70.44378917,71.49316314,71.04124182,71.16165088,72.02219914,73.81476469,76.34047035,75.74957031,77.69784022,78.35136366
Low income,LIC,"Access to electricity, urban (% of urban population)",EG.ELC.ACCS.UR.ZS,0,0,0,0,0,0,0,0,0,0,49.4700878,50.65476129,51.8744369,53.32003864,54.24332914,55.4480584,56.46239886,57.4518112,56.55644087,55.91365935,58.2412724,60.68540331,63.02243197,62.99340059,64.3603628,63.18843759,64.62034868,67.17602903,65.65194718,68.76300626,69.86612009
Liechtenstein,LIE,"Access to electricity, urban (% of urban population)",EG.ELC.ACCS.UR.ZS,100,100,100,100,100,100,100,100,100,100,100,100,100,100,100,100,100,100,100,100,100,100,100,100,100,100,100,100,100,100,100
Sri Lanka,LKA,"Access to electricity, urban (% of urban population)",EG.ELC.ACCS.UR.ZS,0,0,0,0,0,0,0,0,0,0,88.59827423,85.30000305,91.30000305,90.62140656,91.31165314,92.02140808,94.40000153,95.30000305,94.28033447,95.61000061,95.59999847,96.83000183,97.70999908,98,98.90842438,99.64875793,99,99.9780426,100,100,100
Lower middle income,LMC,"Access to electricity, urban (% of urban population)",EG.ELC.ACCS.UR.ZS,0,0,0,84.72689343,86.44871184,86.612092,87.07017011,88.45572324,88.66253968,90.19148175,89.6888187,88.87959246,89.91191661,90.42651769,90.43251111,90.92481956,91.60559052,92.13973818,92.35293946,93.50744424,92.83690558,93.32110727,94.19009032,94.27933392,94.34699865,94.79727848,95.79912857,97.09097331,97.15640873,97.7768716,96.92127303
Low & middle income,LMY,"Access to electricity, urban (% of urban population)",EG.ELC.ACCS.UR.ZS,0,0,0,0,0,0,0,0,0,0,92.81654041,92.44417729,92.93658432,93.20367505,93.20148428,93.46056375,93.80292091,94.04722267,94.11252832,94.30903029,94.20042218,94.53411949,95.02935364,95.0601672,95.14996614,95.05239329,95.72636422,96.39801844,96.57574374,96.88681068,96.43539386
Lesotho,LSO,"Access to electricity, urban (% of urban population)",EG.ELC.ACCS.UR.ZS,0,0,0,0,0,0,0,0,0,0,13.60089207,17.98860741,21.06775856,24.15252876,26.20000076,30.36670685,33.50790024,36.66986084,39.84690094,43.20000076,55.21151733,57.24421692,59.20743561,61.03170013,61.5,64.41529846,66.3398819,68.83999634,0,74.59745026,77.72548676
Late-demographic dividend,LTE,"Access to electricity, urban (% of urban population)",EG.ELC.ACCS.UR.ZS,0,0,0,0,0,0,0,0,0,0,99.69017287,99.52830223,99.55966359,99.55965281,99.57189458,99.60125524,99.70830737,99.70265479,99.77394327,98.89435548,98.98976714,99.03597713,99.08893335,99.1408959,99.12604955,98.82398771,99.24195306,99.29560468,99.30686161,99.36214001,99.3843966
Lithuania,LTU,"Access to electricity, urban (% of urban population)",EG.ELC.ACCS.UR.ZS,100,100,100,100,100,100,100,100,100,100,100,100,100,100,100,100,100,100,100,100,100,100,100,100,100,100,100,100,100,100,100
Luxembourg,LUX,"Access to electricity, urban (% of urban population)",EG.ELC.ACCS.UR.ZS,100,100,100,100,100,100,100,100,100,100,100,100,100,100,100,100,100,100,100,100,100,100,100,100,100,100,100,100,100,100,100
Latvia,LVA,"Access to electricity, urban (% of urban population)",EG.ELC.ACCS.UR.ZS,100,100,100,100,100,100,100,100,100,100,100,100,100,100,100,100,100,100,100,100,100,100,100,100,100,100,100,100,100,100,100
"Macao SAR, China",MAC,"Access to electricity, urban (% of urban population)",EG.ELC.ACCS.UR.ZS,99.83998108,99.89569092,99.94549561,99.98120117,100,100,100,100,100,100,100,100,100,100,100,100,100,100,100,100,100,100,100,100,100,100,100,100,100,100,100
St. Martin (French part),MAF,"Access to electricity, urban (% of urban population)",EG.ELC.ACCS.UR.ZS,99.50241089,99.56900024,99.6350708,99.69797516,99.75456238,99.80167389,99.83615112,99.85482788,99.85454559,99.83383179,100,100,100,100,100,100,100,99.60758972,99.6634903,99.72878265,100,100,100,100,100,100,100,100,100,100,100
Morocco,MAR,"Access to electricity, urban (% of urban population)",EG.ELC.ACCS.UR.ZS,0,0,84.7,90.13162231,90.58109283,90.6,91.44844818,91.86000824,92.25261688,92.62478638,98.48000336,93.32043457,93.66504669,94.01527405,94.59999847,94.76036835,99.26000214,95.59444427,96.03694153,96.4888382,96.94443512,97.39806366,97.84401703,98.69999695,95.19999695,99.11320496,99.30000305,100,99.30000305,99.99487305,100
Monaco,MCO,"Access to electricity, urban (% of urban population)",EG.ELC.ACCS.UR.ZS,100,100,100,100,100,100,100,100,100,100,100,100,100,100,100,100,100,100,100,100,100,100,100,100,100,100,100,100,100,100,100
Moldova,MDA,"Access to electricity, urban (% of urban population)",EG.ELC.ACCS.UR.ZS,100,100,100,100,100,100,100,100,100,100,100,100,100,100,100,99.40000153,100,100,100,100,100,100,100,100,100,100,100,99.94999695,99.97000122,100,100
Madagascar,MDG,"Access to electricity, urban (% of urban population)",EG.ELC.ACCS.UR.ZS,0,0,46.9,39.98170471,41.14899063,42.30680084,43.45197678,38.1,45.69177246,46.78175735,48.02760696,42.08486938,50.00194931,52.70000076,51.99876404,53.02296066,54.07151031,55.14082718,56.22522354,68.59999847,39.09999847,61.5,72.80000305,60.70000076,62.73997879,63.79476166,67.30000305,66.26256561,0,0,70.16197205
Maldives,MDV,"Access to electricity, urban (% of urban population)",EG.ELC.ACCS.UR.ZS,0,0,0,0,0,0,0,0,0,0,99.25805664,99.24519348,99.23099518,99.22242737,99.22641754,99.24991608,99.29776764,99.36638641,99.45008087,99.90000153,99.6399765,99.73479462,99.82195282,99.89702606,100,99.98371887,99.99754333,99.69999695,100,100,100
Middle East & North Africa,MEA,"Access to electricity, urban (% of urban population)",EG.ELC.ACCS.UR.ZS,0,0,0,0,0,0,0,0,0,0,99.28916255,98.79904346,98.82165264,98.89516081,98.94455438,98.948301,99.44910741,99.02510549,99.25104025,99.22607366,99.52627409,99.59860324,99.53443797,99.70593078,99.36715331,99.46336619,99.60367786,99.73783982,99.84740547,99.65526405,99.66363938
Mexico,MEX,"Access to electricity, urban (% of urban population)",EG.ELC.ACCS.UR.ZS,0,0,98.584698,99.08623505,99.25589,99.22938538,99.076735,99.32198334,99.17507,99.34043884,99.43071747,99.29040527,99.52617645,99.23563385,99.39008331,99.60558319,99.70586395,99.3155899,99.72595215,99.46038055,99.70355225,99.62000275,99.65000916,99.79684448,99.63725281,99.30000305,99.80000305,99.96255493,99.80000305,99.93105316,99.80000305
Marshall Islands,MHL,"Access to electricity, urban (% of urban population)",EG.ELC.ACCS.UR.ZS,0,0,0,0,0,0,0,0,0,88.91218262,89.23912048,89.50411987,89.76778412,90.03707123,90.31892395,90.62028503,90.94599152,91.59999847,91.65402985,92.02498627,92.39964294,92.49703979,93.13734436,93.51378632,93.83175659,94.16370392,94.64579773,95.20745087,95.58795166,95.80902863,95.95038605
Middle income,MIC,"Access to electricity, urban (% of urban population)",EG.ELC.ACCS.UR.ZS,0,0,0,0,0,0,0,0,0,0,94.9867575,94.5650242,95.04888646,95.28381943,95.26268538,95.50289034,95.8420464,96.09914756,96.25789732,96.77757581,96.54341007,96.76363376,97.15737664,97.21214273,97.2373033,97.24089032,97.89285863,98.53362348,98.55407782,98.83972218,98.41579876
North Macedonia,MKD,"Access to electricity, urban (% of urban population)",EG.ELC.ACCS.UR.ZS,100,100,100,100,100,100,100,100,100,100,100,100,100,100,99.83000183,100,98,100,99.19000244,100,100,99.7947464,100,100,100,100,100,100,99.80000305,100,100
Mali,MLI,"Access to electricity, urban (% of urban population)",EG.ELC.ACCS.UR.ZS,0,0,0,0,0,0,21.5,24.68655205,27.69662285,30.68625832,33.69224548,37,39.60980988,42.57354736,45.54985046,48.54566193,47.40000153,54.60675049,57.66276169,57.86163712,74.34497833,75.96121216,76,78.91576385,80.16886139,83.09999847,82.97454834,84.98000336,0,91.08195496,94.08895874
Malta,MLT,"Access to electricity, urban (% of urban population)",EG.ELC.ACCS.UR.ZS,100,100,100,100,100,100,100,100,100,100,100,100,100,100,100,100,100,100,100,100,100,100,100,100,100,100,100,100,100,100,100
Myanmar,MMR,"Access to electricity, urban (% of urban population)",EG.ELC.ACCS.UR.ZS,0,0,0,0,0,0,0,0,0,0,82.3495636,82.82338715,83.29588318,83.77400208,84.26468658,84.77487946,85.30941772,85.86472321,86.435112,87.01490021,89,88.24729156,88.93177795,89.47729492,85.5,90.80000305,92.30000305,92.55451965,92.11804962,92.51248169,93.03386688
Middle East & North Africa (excluding high income),MNA,"Access to electricity, urban (% of urban population)",EG.ELC.ACCS.UR.ZS,0,0,0,0,0,0,0,0,0,0,99.15186122,98.56577184,98.59157535,98.67933703,98.73372078,98.73440224,99.33443175,98.81655688,99.086259,99.05127243,99.41708162,99.50450899,99.42387954,99.6354304,99.21431875,99.33313343,99.50713618,99.6736267,99.80838943,99.57107895,99.58170454
Montenegro,MNE,"Access to electricity, urban (% of urban population)",EG.ELC.ACCS.UR.ZS,100,100,100,100,100,100,100,100,100,100,100,100,100,100,100,100,100,100,100,100,100,100,100,99.59999847,99.59999847,100,100,100,100,100,100
Mongolia,MNG,"Access to electricity, urban (% of urban population)",EG.ELC.ACCS.UR.ZS,0,0,0,0,0,0,0,0,0,0,97.08740234,97.09801483,97.1072998,99.5,97.14966583,97.90000153,97.26796722,97.36006165,97.46723175,97.58380127,96.07942963,94.15538788,97.93300629,97.80000305,98.11864471,98.19621277,98.33174133,98.95709991,99.69999695,99.68609619,99.69999695
Northern Mariana Islands,MNP,"Access to electricity, urban (% of urban population)",EG.ELC.ACCS.UR.ZS,99.79037476,99.84640503,99.90028381,99.94872284,99.98243713,100,100,100,100,100,100,100,99.85483551,99.80227661,99.7622757,99.74178314,99.74564362,100,100,100,100,100,100,100,100,100,100,100,100,100,100
Mozambique,MOZ,"Access to electricity, urban (% of urban population)",EG.ELC.ACCS.UR.ZS,0,0,0,0,0,0,0,25.8,18.1166153,20.67184639,23.22335243,20.10000038,28.27523232,25,33.34958649,35.91255569,38.49987411,37.5,38.88888931,43.09999847,56.46563339,54.5,60.00185013,61.59626007,68,68,66.21488953,60.5,72.19999695,72.38905334,74.96321869
Mauritania,MRT,"Access to electricity, urban (% of urban population)",EG.ELC.ACCS.UR.ZS,0,0,0,0,0,0,0,0,0,0,45.00902557,49.70000076,49.22350693,51.33570099,53.46046066,41.59999847,57.77334595,70.36633301,62.16719818,64.38105774,75.72939301,76.16088867,76.52289581,76.74594879,76.90000153,77.57722473,79.7444458,81.90595245,84.06363678,86.21941376,88.37487793
Mauritius,MUS,"Access to electricity, urban (% of urban population)",EG.ELC.ACCS.UR.ZS,100,100,100,100,100,100,100,100,100,99.99606323,100,99.9344101,100,99.77346802,99.69799042,99.64202118,99.61039734,99.59954834,99.60377502,99.61740112,99.63472748,99.77999878,99.79955292,99.78884125,99.63751984,99.61213684,99.59210968,99.61000061,99.64842987,100,99.40860748
Malawi,MWI,"Access to electricity, urban (% of urban population)",EG.ELC.ACCS.UR.ZS,0,0,19.8,19.02269173,20.17673683,21.32130432,22.45323181,23.56936455,24.66654205,25.74328423,28.70000076,27.83053017,28.88108826,37.14606094,30.20000076,32.09425735,23.56792068,34.34022141,35.48867035,36.64651489,34.70000076,32.59999847,37.09999847,36.59999847,46.09999847,48.70000076,42,57.5,50.38972092,45.5,53.98027039
Malaysia,MYS,"Access to electricity, urban (% of urban population)",EG.ELC.ACCS.UR.ZS,0,0,0,0,0,0,0,0,0,0,99.42598724,99.40261841,99.37792969,99.35884857,99.3523407,99.36533356,99.40267944,99.46080017,99.53398895,99.90000153,99.70288086,99.78720093,99.90000153,99.92120361,99.96666718,99.99090576,100,100,100,100,100
North America,NAC,"Access to electricity, urban (% of urban population)",EG.ELC.ACCS.UR.ZS,100,100,100,100,100,100,100,100,100,100,100,100,100,100,100,100,100,100,100,100,100,100,100,100,100,100,100,100,100,100,100
Namibia,NAM,"Access to electricity, urban (% of urban population)",EG.ELC.ACCS.UR.ZS,0,0,66,71,70.6857605,70.87373352,71.04906464,71.20860291,71.3491745,71.4693222,73.19999695,71.65339661,71.74720764,71.84663391,71.95863342,72.09013367,72.24598694,77.59999847,72.61430359,78.40000153,73.02020264,70.09999847,73.41818237,72.19999695,73.77288055,74.59999847,69.30000305,74.23816681,74.38308716,74.52610016,74.66879272
New Caledonia,NCL,"Access to electricity, urban (% of urban population)",EG.ELC.ACCS.UR.ZS,99.86621094,99.91825867,99.96175385,99.98839569,99.99834442,100,100,100,100,100,100,100,100,100,100,100,100,100,100,100,100,100,100,100,100,100,100,100,100,100,100
Niger,NER,"Access to electricity, urban (% of urban population)",EG.ELC.ACCS.UR.ZS,0,0,26.7,31.8083744,33.02511215,34.23237228,35.42699432,36.6058197,36.5,38.90512466,40.6727829,41.12623978,42.23870087,43.35678101,44.48742676,45.63757706,47.20000076,48.00735092,49.21770096,50.43744659,63.08725739,59.90000153,61.79999924,59.09820938,57.4980278,60.20000076,58.84202576,60.00941467,47.63000107,50.12732697,48.39099884
Nigeria,NGA,"Access to electricity, urban (% of urban population)",EG.ELC.ACCS.UR.ZS,82.4,83.78395844,83.8470993,83.9070816,83.96074677,84.00492859,84.03647614,84.05222321,84.04901886,84.3,83.98390961,83.93312836,83.88101959,84.90000153,83.80059814,83.78617859,83.79611206,86.16287994,84.80000305,83.92776489,79.80000305,87.09999847,84.0927887,83.59999847,84.15563965,81.5,86,0,0,0,83.90000153
Nicaragua,NIC,"Access to electricity, urban (% of urban population)",EG.ELC.ACCS.UR.ZS,0,0,0,93.545318,91.52127838,91.90014648,92.26638031,92.61681366,90.707303,93.25933838,93.54890442,91.88602448,94.11447144,94.40221405,94.70251465,95.43199158,95.36649323,95.73142242,96.11143494,97.93714905,96.89395142,97.3764267,97.85522461,98.19506836,98.40680695,98.75026703,99.09304047,99.51927185,99.80741119,99.93611908,100
Netherlands,NLD,"Access to electricity, urban (% of urban population)",EG.ELC.ACCS.UR.ZS,100,100,100,100,100,100,100,100,100,100,100,100,100,100,100,100,100,100,100,100,100,100,100,100,100,100,100,100,100,100,100
Norway,NOR,"Access to electricity, urban (% of urban population)",EG.ELC.ACCS.UR.ZS,100,100,100,100,100,100,100,100,100,100,100,100,100,100,100,100,100,100,100,100,100,100,100,100,100,100,100,100,100,100,100
Nepal,NPL,"Access to electricity, urban (% of urban population)",EG.ELC.ACCS.UR.ZS,0,0,0,0,0,0,78.4,82.96616364,83.63855743,84.29051971,85.0817337,85.69999695,86.2151947,86.78688049,87.40000153,87.97489166,90.09999847,89.25188446,89.91584015,90.58919525,95.5,94.11000061,95.56912994,95.52176666,97.69999695,95.16212463,94.5,95.79003143,95.75,0,94.19999695
Nauru,NRU,"Access to electricity, urban (% of urban population)",EG.ELC.ACCS.UR.ZS,95.40316772,95.60472107,95.80574036,96.00360107,96.19515228,96.37721252,96.54664612,96.70027924,96.83495331,96.94919586,96.9812851,97.07382965,97.16503906,97.26187134,97.37126923,97.50017548,97.65342712,97.82744598,98.01654816,98.21504974,98.41725159,99,99.06327057,99.23738861,99.25680542,99,99.59513855,99.8986969,99.86157227,100,100
New Zealand,NZL,"Access to electricity, urban (% of urban population)",EG.ELC.ACCS.UR.ZS,100,100,100,100,100,100,100,100,100,100,100,100,100,100,100,100,100,100,100,100,100,100,100,100,100,100,100,100,100,100,100
OECD members,OED,"Access to electricity, urban (% of urban population)",EG.ELC.ACCS.UR.ZS,99.91000482,99.94263971,99.83794629,99.88331519,99.89967542,99.90385575,99.8877977,99.91062848,99.90009875,99.91214308,99.93038018,99.93138649,99.92651717,99.90525718,99.88749497,99.90893255,99.92274779,99.88945999,99.94114647,99.92223699,99.96154826,99.95705976,99.95936134,99.9724086,99.96063258,99.92773851,99.97387577,99.98924362,99.9774943,99.99329344,99.9810646
Oman,OMN,"Access to electricity, urban (% of urban population)",EG.ELC.ACCS.UR.ZS,100,100,100,100,100,100,100,100,100,100,99.99742126,99.98335266,100,100,100,100,100,100,100,100,100,100,100,100,100,100,100,100,100,100,100
Other small states,OSS,"Access to electricity, urban (% of urban population)",EG.ELC.ACCS.UR.ZS,0,0,0,0,0,0,81.06612224,81.36473016,81.57569902,81.85269981,77.74260569,77.79392404,78.74351969,79.29785594,79.92470387,80.564371,81.91097582,82.61877811,83.11749525,84.10923853,84.57981557,85.60932347,86.44908586,86.39384112,87.53635071,88.13121281,88.38577847,90.57705453,91.78883083,91.74208261,91.46712515
Pakistan,PAK,"Access to electricity, urban (% of urban population)",EG.ELC.ACCS.UR.ZS,0,0,0,0,0,0,0,0,93.14,93.44615936,93.72737885,94.0102005,94.29168701,94.57880402,94.87847137,95.19765472,95.5411911,95.90549469,96.28487396,96.67365265,97.06613159,97.45663452,97.83947754,98.21022797,98.5695343,98.91930389,99.26144409,99.59786224,99.82723236,99.95748901,100
Panama,PAN,"Access to electricity, urban (% of urban population)",EG.ELC.ACCS.UR.ZS,95.56,95.78044128,95.96505737,96.14652252,96.3216629,96.48732758,96.64035034,96.77758026,96.89585114,96.99369049,97.19000244,97.12621307,97.1960144,97.27143097,97.35941315,97.46690369,97.59873962,97.7513504,97.91903687,98.09612274,98.69999695,98.530159,98.69075012,98.30000305,98.93354797,99.07162476,99.20207214,99.32679749,99.44770813,99.56671143,99.68539429
Peru,PER,"Access to electricity, urban (% of urban population)",EG.ELC.ACCS.UR.ZS,0,0,90.3,91.19944763,91.5978241,91.98672485,92,91.792103,93.421129,95.064564,95.16033936,92.36380768,93.83074951,93.76252747,94.30568695,94.65563965,96.16046906,95.80953979,97.04116821,97.47614288,98.1424942,98.37663269,98.62956238,98.77972412,98.88088989,98.87489319,98.90000153,98.90000153,99,99.08572388,100
Philippines,PHL,"Access to electricity, urban (% of urban population)",EG.ELC.ACCS.UR.ZS,0,0,0,83.7,87.29000092,87.74851227,88.19439697,88.62447357,91.1,90.13870288,89.80089569,90.16217041,90.52210999,92,91.26580048,91.66342926,92.30000305,92.52816772,93.69999695,94.12999725,93.92416382,94.39311981,94.66000366,94.09999847,95.74137115,95.91000366,96.59017944,96.40000153,97.41610718,97.82524872,98.23407745
Palau,PLW,"Access to electricity, urban (% of urban population)",EG.ELC.ACCS.UR.ZS,98.56697845,98.66082764,98.75414276,98.84430695,98.92814636,99.00251007,99.0642395,99.11016846,99.13713837,99.14367676,99.09011841,99.07473755,99.0580368,99.04694366,99.04842377,99.69929504,99.11473846,99.18084717,99.26202393,99.35260773,99.44689178,99.53919983,98.49097443,99.69639587,100,99.8090744,100,100,100,100,100
Papua New Guinea,PNG,"Access to electricity, urban (% of urban population)",EG.ELC.ACCS.UR.ZS,0,0,0,0,0,0,63.1,60.6246109,61.43615341,62.2272644,62.52336121,63.40686798,64.28904724,65.17684937,66.07720947,66.99707794,61.29999924,68.90628815,69.88636017,69.59999847,71.19999695,72.96547699,74.34944153,75.59444427,76.68475342,77.8195343,79.30000305,80.53930664,81.73261261,82.76648712,83.59999847
Poland,POL,"Access to electricity, urban (% of urban population)",EG.ELC.ACCS.UR.ZS,100,100,100,100,100,100,100,100,100,100,100,100,100,100,100,100,100,100,100,100,100,100,100,100,100,100,100,100,100,100,100
Pre-demographic dividend,PRE,"Access to electricity, urban (% of urban population)",EG.ELC.ACCS.UR.ZS,0,0,0,0,0,0,0,0,61.92318921,62.22624841,59.66349378,59.8379273,61.21433397,62.27321395,62.82094272,63.77251622,64.48557378,66.73280335,65.43652219,66.38246279,67.43161718,71.52835209,71.52320444,71.59264508,71.22798918,71.41526155,74.43837647,71.2831653,72.11959187,74.2376338,77.37570577
Puerto Rico,PRI,"Access to electricity, urban (% of urban population)",EG.ELC.ACCS.UR.ZS,100,100,100,100,100,100,100,100,100,100,100,99.9993515,100,100,100,100,100,100,100,100,100,100,100,100,100,100,100,100,100,100,100
"Korea, Dem. People's Rep.",PRK,"Access to electricity, urban (% of urban population)",EG.ELC.ACCS.UR.ZS,0,0,0,0,0,0,0,0,0,0,0,0,0,0,0,0,0,0,0,26,28,29,31,32,34,35,37,39,40,42,43.34545517
Portugal,PRT,"Access to electricity, urban (% of urban population)",EG.ELC.ACCS.UR.ZS,100,100,100,100,100,100,100,100,100,100,100,100,100,100,100,100,100,100,100,100,100,100,100,100,100,100,100,100,100,100,100
Paraguay,PRY,"Access to electricity, urban (% of urban population)",EG.ELC.ACCS.UR.ZS,0,0,0,0,0,96.450145,97.16147614,97.566108,97.44839478,97.515368,97.67984009,97.92584229,97.75492859,97.80420685,97.53353882,98.39431,98.53639984,98.83353424,99.00904846,98.38894653,99.49593353,99.55590057,99.63866425,99.77143097,99.8319397,99.81533813,99.90000153,99.80000305,99.90000153,99.90000153,100
West Bank and Gaza,PSE,"Access to electricity, urban (% of urban population)",EG.ELC.ACCS.UR.ZS,0,0,0,0,0,0,0,99.97423553,99.96713257,99.94165802,99.90000153,99.09999847,99.66312408,99.69999695,99.69999695,99.80000305,99.80000305,99.64431,99.90000153,99.90000153,99.90000153,99.94000244,99.94229889,99.97571564,99.80000305,99.99936676,100,99.90000153,100,100,100
Pacific island small states,PSS,"Access to electricity, urban (% of urban population)",EG.ELC.ACCS.UR.ZS,0,0,0,0,0,0,89.82799299,90.24072479,90.63635157,87.18275227,87.56898767,87.85908441,87.97154628,87.95679306,88.60467538,89.01051603,89.16103616,90.37360518,90.71311893,90.98467692,90.50655428,91.01843798,91.35992692,90.45872399,92.03756252,92.21389957,92.83544178,93.40341386,93.9477138,94.37070174,94.72741428
Post-demographic dividend,PST,"Access to electricity, urban (% of urban population)",EG.ELC.ACCS.UR.ZS,99.99522079,99.997426,99.99907795,99.9998404,100,100,100,100,100,100,99.99972995,99.99762685,99.99566534,99.99661366,99.99626811,99.99399785,99.99573344,99.99286999,99.99716631,99.99775029,99.99836165,99.99848103,99.99634049,99.99972505,99.99991907,99.99998852,100,100,100,99.99903642,99.99884963
French Polynesia,PYF,"Access to electricity, urban (% of urban population)",EG.ELC.ACCS.UR.ZS,100,100,100,100,100,100,100,100,100,100,100,100,100,100,100,100,100,100,100,100,100,100,100,100,100,100,100,100,100,100,100
Qatar,QAT,"Access to electricity, urban (% of urban population)",EG.ELC.ACCS.UR.ZS,100,100,100,100,100,100,100,100,100,100,100,100,100,100,100,100,100,100,100,100,100,100,100,100,100,100,100,100,100,100,100
Romania,ROU,"Access to electricity, urban (% of urban population)",EG.ELC.ACCS.UR.ZS,100,100,100,100,100,100,100,100,100,100,100,100,100,100,100,100,100,100,100,100,100,100,100,100,100,100,99.5,100,100,100,100
Russian Federation,RUS,"Access to electricity, urban (% of urban population)",EG.ELC.ACCS.UR.ZS,100,100,100,100,100,100,100,100,100,100,100,100,100,100,100,100,100,100,100,100,100,100,100,100,100,95.09999847,100,100,100,100,100
Rwanda,RWA,"Access to electricity, urban (% of urban population)",EG.ELC.ACCS.UR.ZS,0,0,31.1,18.07912636,20.39610291,22.70360184,24.99846268,27.27752686,29.5376358,31.77730942,38.90000153,35.85743332,38.16359329,40.47537231,42.79971313,25.10000038,47.51176834,49.90073776,28.10000038,54.71823502,44.5,58.20000076,67.59999847,61.5,71.80000305,72.90000153,79.97000122,84.80000305,84.34043884,87.97874451,86.40000153
South Asia,SAS,"Access to electricity, urban (% of urban population)",EG.ELC.ACCS.UR.ZS,0,0,0,81.57802039,84.326976,84.52329353,85.11452584,86.33801212,87.23839414,90.24372221,88.54022317,87.39132471,89.25545522,89.78326689,89.99029112,90.90611119,91.91984468,91.99036543,92.86897545,95.12192966,93.90958806,93.18046399,95.81237678,95.80353498,96.66346828,97.21939426,97.92140781,98.93423832,98.92709691,99.57528799,99.7249453
Saudi Arabia,SAU,"Access to electricity, urban (% of urban population)",EG.ELC.ACCS.UR.ZS,100,100,100,100,100,100,100,100,100,100,100,100,99.99674988,99.98146057,100,100,100,100,100,100,100,100,100,100,100,100,100,100,100,100,100
Sudan,SDN,"Access to electricity, urban (% of urban population)",EG.ELC.ACCS.UR.ZS,66.1,63.8322258,64.12265015,64.409935,64.6909256,64.96247864,65.22145844,65.46469879,65.68907928,65.89311218,61.43956375,61.46058273,61.4803009,61.50554657,61.54315948,61.59997559,61.68076324,61.78199005,45.75,58,72.56378174,73.68878937,74.74487305,75.66311646,76.30000305,77.23205566,78.24075317,79.28094482,80.15145874,80.87204742,81.51765442
Senegal,SEN,"Access to electricity, urban (% of urban population)",EG.ELC.ACCS.UR.ZS,0,0,0,58.6,65.72166443,66.88915253,68.04399872,68.9,70.30313873,72.8,74.63999939,73.5618515,74.16915894,75.71289825,76.80380249,80.40000153,83.59999847,80.20448303,81.37509155,83.40000153,83.91085815,87.80000305,86.22233582,87.80000305,85,86.90000153,87.69999695,91.69999695,93.5,95.19999695,95.17642975
Singapore,SGP,"Access to electricity, urban (% of urban population)",EG.ELC.ACCS.UR.ZS,100,100,100,100,100,100,100,100,100,100,100,100,100,100,100,100,100,100,100,100,100,100,100,100,100,100,100,100,100,100,100
Solomon Islands,SLB,"Access to electricity, urban (% of urban population)",EG.ELC.ACCS.UR.ZS,0,0,0,0,0,0,0,0,0,55.1,59.05480194,59.63264847,60.20916367,60.79130173,61.38600159,62.00020981,61.20000076,68.59999847,63.97250748,71.37000275,65.34381866,66.02935028,66.70721436,60.40000153,68.02732849,67.59999847,69.30928802,71.09558105,73.30209351,75.34918213,77.31655121
Sierra Leone,SLE,"Access to electricity, urban (% of urban population)",EG.ELC.ACCS.UR.ZS,0,0,0,0,0,0,0,0,0,0,23.43357468,24.83407211,26.23324585,27.63803673,29.05539131,35.85185242,31.95346832,33.43544769,33.09999847,36.43896866,34.34035492,35.75,40.95783615,41.40000153,43.92325974,45.39070892,46.90000153,48.70000076,53.20000076,51.40000153,54.69330978
El Salvador,SLV,"Access to electricity, urban (% of urban population)",EG.ELC.ACCS.UR.ZS,0,93.618226,94.34044647,94.55783844,94.76891327,94.981486,95.233394,95.33263397,95.731315,93.057406,96.09790039,97.11415863,97.27480316,96.49703217,96.47737122,96.45586395,97.19551086,97.08436584,96.485466,96.56759644,96.87158966,97.22973633,97.8460083,97.76119232,97.78821564,98,98.40000153,99,98.69999695,98.76000214,100
San Marino,SMR,"Access to electricity, urban (% of urban population)",EG.ELC.ACCS.UR.ZS,100,100,100,100,100,100,100,100,100,100,100,100,100,100,100,100,100,100,100,100,100,100,100,100,100,100,100,100,100,100,100
Somalia,SOM,"Access to electricity, urban (% of urban population)",EG.ELC.ACCS.UR.ZS,0,0,0,0,0,0,0,0,0,0,20.311203,22.83285141,22.20000076,27.87911415,30.41761971,32.97563171,38.11553192,38.161129,40.77933884,43.40694809,66.15644836,66.78538513,67.34484863,67.76535034,68.03115082,68.34143829,68.86225891,69.41220856,69.78100586,0,70.12004089
Serbia,SRB,"Access to electricity, urban (% of urban population)",EG.ELC.ACCS.UR.ZS,100,100,100,100,100,100,100,100,100,100,100,100,100,100,100,99.76456451,100,100,100,100,99.86634827,100,100,99.93000031,99.81655884,99.90000153,100,100,100,99.90000153,100
Sub-Saharan Africa (excluding high income),SSA,"Access to electricity, urban (% of urban population)",EG.ELC.ACCS.UR.ZS,0,0,0,0,0,0,68.80092707,66.67192433,67.10280585,67.23354777,61.638689,61.78127926,62.98561568,63.98433254,64.41572305,65.35117083,65.98622419,67.9692964,66.72452421,67.91372413,68.38153642,72.33235023,72.4340909,72.59708695,72.47764058,72.30441333,74.95418484,73.31224135,73.82953163,75.89064745,78.28609062
South Sudan,SSD,"Access to electricity, urban (% of urban population)",EG.ELC.ACCS.UR.ZS,0,0,0,0,0,0,0,0,0,0,8.20218277,8.36187458,8.520240784,8.684225082,8.86077404,9.05683136,9.277238846,9.518413544,9.774669647,16.60000038,4,10.57705688,10.83677006,11.08439732,11.32057858,11.54722214,11.76623631,9.600000381,12.28759384,13.11798859,13.86866856
Sub-Saharan Africa,SSF,"Access to electricity, urban (% of urban population)",EG.ELC.ACCS.UR.ZS,0,0,0,0,0,0,68.80978372,66.68079279,67.11132927,67.24179489,61.64609762,61.78840486,62.99247363,63.99069455,64.42176722,65.35687801,65.99175334,67.97433132,66.72970356,67.91857395,68.38629422,72.3362745,72.43793629,72.60081924,72.48138751,72.30814449,74.95749479,73.31671302,73.8340921,75.89473166,78.28871593
Small states,SST,"Access to electricity, urban (% of urban population)",EG.ELC.ACCS.UR.ZS,0,0,0,0,0,0,84.16592041,83.99495848,84.23241232,84.53249233,81.97230171,82.13660612,82.77256057,83.09824053,83.57336987,83.96578161,84.95467915,85.61299648,86.35145346,86.76433333,87.07131167,87.93645239,88.62563001,88.46550049,89.42116491,89.96551238,90.2906804,92.1293496,93.19609466,93.13230041,92.82762618
Sao Tome and Principe,STP,"Access to electricity, urban (% of urban population)",EG.ELC.ACCS.UR.ZS,0,0,0,0,0,0,0,0,0,0,64.0931778,63.99294662,64.57020569,65.1530838,65.74852753,66.36347961,67.0027771,67.66284943,68.33799744,69.80000305,69.71079254,70.39706421,65.30000305,71.74219513,75.80000305,73.0428009,73.68270874,73.51999664,76.69999695,77.44280243,78.44978333
Suriname,SUR,"Access to electricity, urban (% of urban population)",EG.ELC.ACCS.UR.ZS,0,0,0,0,0,0,0,0,0,99.62406,97.84282684,97.79376984,97.74338531,97.69861603,97.66641998,97.65372467,95.63264465,97.69779968,97.74530792,97.80220795,97.19773102,97.92144012,97.97240448,98.10496521,98.15950775,98.25852966,98.56808472,98.9067688,99,99.06242371,98.9808197
Slovak Republic,SVK,"Access to electricity, urban (% of urban population)",EG.ELC.ACCS.UR.ZS,100,100,100,100,100,100,100,100,100,100,100,100,100,100,100,100,100,100,100,100,100,100,100,100,100,100,100,100,100,100,100
Slovenia,SVN,"Access to electricity, urban (% of urban population)",EG.ELC.ACCS.UR.ZS,100,100,100,100,100,100,100,100,100,100,100,100,100,100,100,100,100,100,100,100,100,100,100,100,100,100,100,100,100,100,100
Sweden,SWE,"Access to electricity, urban (% of urban population)",EG.ELC.ACCS.UR.ZS,100,100,100,100,100,100,100,100,100,100,100,100,100,100,100,100,100,100,100,100,100,100,100,100,100,100,100,100,100,100,100
Eswatini,SWZ,"Access to electricity, urban (% of urban population)",EG.ELC.ACCS.UR.ZS,0,0,0,0,0,0,0,0,0,0,54.32450104,55.98641205,57.64699173,59.31319427,60.99195862,62.69023514,63.40000153,66.15625,67.91472626,72.63999939,65.41666412,73.22376251,74.98569489,76.73553467,84,80.59346008,80.98000336,85.59487152,87.92899323,90.1036911,92.19866943
Sint Maarten (Dutch part),SXM,"Access to electricity, urban (% of urban population)",EG.ELC.ACCS.UR.ZS,99.50241089,99.56900024,99.6350708,99.69797516,99.75456238,99.80167389,99.83615112,99.85482788,99.85454559,99.83383179,100,100,100,100,100,100,100,99.60758972,99.6634903,99.72878265,100,100,100,100,100,100,100,100,100,100,100
Seychelles,SYC,"Access to electricity, urban (% of urban population)",EG.ELC.ACCS.UR.ZS,0,0,0,0,98.86167145,98.93733215,99.00034332,99.04756927,99.07582855,99.08366394,99.18092346,99.15853882,99.13484192,99.11675262,99.11122894,99.12522125,99.16355896,99.22266388,99.29684448,99.3804245,99.4677124,99.58193207,99.78388214,99.54000092,100,100,100,100,100,100,100
Syrian Arab Republic,SYR,"Access to electricity, urban (% of urban population)",EG.ELC.ACCS.UR.ZS,0,0,0,0,0,0,0,0,0,0,99.22891235,99.29989624,99.5,99.44483948,99.5326767,99.64002991,99.75750732,99.89200592,99.96678162,99.99526215,100,100,100,100,100,100,100,100,100,100,100
Turks and Caicos Islands,TCA,"Access to electricity, urban (% of urban population)",EG.ELC.ACCS.UR.ZS,99.76225281,99.81891632,99.87506104,99.9241333,99.96471405,99.98918152,99.99842072,100,99.99740601,99.98365784,99.85800934,99.80758667,99.75584412,99.7097168,99.67614746,99.66209412,99.67238617,99.70345306,99.74959564,100,100,100,100,100,100,100,100,100,100,100,100
Chad,TCD,"Access to electricity, urban (% of urban population)",EG.ELC.ACCS.UR.ZS,0,0,0,0,0,0,0,9.4,7.740236759,8.919991493,10.01809311,11.17584896,12.33227825,13.49432564,16.39999962,15.86305904,17.08152962,18.32076836,19.5750885,20.83880234,18.29999924,13.55000019,24.62944221,25.87513351,27.10937881,32.40000153,31.11620712,33.72877121,36.16019058,36.70000076,40.6244545
East Asia & Pacific (IDA & IBRD countries),TEA,"Access to electricity, urban (% of urban population)",EG.ELC.ACCS.UR.ZS,0,0,0,0,0,0,0,0,0,0,98.21815768,98.16337785,98.2399871,98.62233903,98.38149757,98.46407952,98.59803204,98.85903906,98.94865805,99.17533074,99.31373059,99.38331771,99.3927612,99.46531885,99.49816602,99.59865779,99.6609806,99.68649498,99.72952752,99.74866107,99.74305865
Europe & Central Asia (IDA & IBRD countries),TEC,"Access to electricity, urban (% of urban population)",EG.ELC.ACCS.UR.ZS,100,100,100,100,100,99.99584338,99.99769946,99.99004742,99.99009495,99.96226942,99.97514387,99.97557604,99.97962622,99.97671319,99.88378482,99.86933112,99.86593101,99.89146285,99.91092447,99.93004008,99.98555683,99.98334077,99.98615752,99.98290026,99.98926652,98.21506369,99.97185728,99.99220593,99.99052096,99.9880588,99.98431794
Togo,TGO,"Access to electricity, urban (% of urban population)",EG.ELC.ACCS.UR.ZS,0,0,0,0,0,0,0,0,41.2,42.99958801,38.50896835,47.79424286,50.16879654,52.54896927,54.9417038,57.35394669,64.90000153,62.24790573,64.72035217,67.20218658,66.5039444,77.90000153,76.33013153,78.15425873,83.19999695,82.00621796,84.44141388,88.80000305,83.09999847,91.72031403,94.14375305
Thailand,THA,"Access to electricity, urban (% of urban population)",EG.ELC.ACCS.UR.ZS,0,0,0,0,0,0,0,0,0,0,99.90000153,99.57407379,99.52216339,99.47587585,99.4421463,99.42793274,99.62600708,99.46896362,99.51494598,99.01000214,100,99.74147034,99.44982147,99.92329407,99.79920197,99.69999695,99.8243103,99.90000153,99.91000366,99.90000153,100
Tajikistan,TJK,"Access to electricity, urban (% of urban population)",EG.ELC.ACCS.UR.ZS,0,0,0,0,0,0,0,0,0,99.92062378,99.69512177,99.80579376,99.70127106,99.90000153,99.51602936,99.69999695,99.40671539,99.38500214,99.37836456,99.3811264,99.38759613,99.39208984,99.80000305,99.3736496,99.34694672,98.5,99.26682281,99.19999695,99.19999695,99.10849762,99.05285645
Turkmenistan,TKM,"Access to electricity, urban (% of urban population)",EG.ELC.ACCS.UR.ZS,0,0,0,0,0,0,0,0,0,0,99.69999695,99.7053833,99.66433716,99.62890625,99.60604095,99.60268402,99.86911011,99.66543579,99.72228241,99.78852081,100,99.95980072,99.99195862,100,100,100,100,100,100,99.90000153,100
Latin America & the Caribbean (IDA & IBRD countries),TLA,"Access to electricity, urban (% of urban population)",EG.ELC.ACCS.UR.ZS,0,0,97.18169025,97.57281108,97.83927655,97.64689444,97.83084857,97.94675824,98.05001187,98.22281697,98.3768548,98.12111604,98.26949514,98.13233707,98.40575592,98.43645043,98.65733197,98.75554823,99.00326341,98.99340836,99.1596729,99.23769632,99.31924126,99.38935804,99.3766984,99.34592824,99.45789165,99.51293232,99.5045114,99.59486304,99.65909256
Timor-Leste,TLS,"Access to electricity, urban (% of urban population)",EG.ELC.ACCS.UR.ZS,0,0,0,0,0,0,0,0,0,0,69.50222015,71.10637665,72.709198,73.59999847,75.93865204,77.57917023,79.24403381,82.30000305,82.63037872,84.34049225,83.40000153,87.7661438,89.47032166,91.16240692,93.00547791,95.00086975,98.40000153,99.44185638,99.6858902,99.96511841,100
Middle East & North Africa (IDA & IBRD countries),TMN,"Access to electricity, urban (% of urban population)",EG.ELC.ACCS.UR.ZS,0,0,0,0,0,0,0,0,0,0,99.14156082,98.55838337,98.57668635,98.66508686,98.72016217,98.71938267,99.32784002,98.80477845,99.07459736,99.03903432,99.41008244,99.49816199,99.41628691,99.63042572,99.20567098,99.32326888,99.49981566,99.67024951,99.80538505,99.56461107,99.57535489
Tonga,TON,"Access to electricity, urban (% of urban population)",EG.ELC.ACCS.UR.ZS,0,0,0,0,95.3883667,95.58621979,95.77143097,95.94084167,96.09130096,96.22132874,96.33734894,96.43993378,96.54119873,96.64807892,96.76752472,96.90647888,97.70999908,97.25385284,97.45300293,97.66155243,97.87380219,97.32290649,97.69999695,98.477211,98.65628815,100,98.62999725,99.85706329,99.92295837,99.99106598,100
South Asia (IDA & IBRD),TSA,"Access to electricity, urban (% of urban population)",EG.ELC.ACCS.UR.ZS,0,0,0,81.57802039,84.326976,84.52329353,85.11452584,86.33801212,87.23839414,90.24372221,88.54022317,87.39132471,89.25545522,89.78326689,89.99029112,90.90611119,91.91984468,91.99036543,92.86897545,95.12192966,93.90958806,93.18046399,95.81237678,95.80353498,96.66346828,97.21939426,97.92140781,98.93423832,98.92709691,99.57528799,99.7249453
Sub-Saharan Africa (IDA & IBRD countries),TSS,"Access to electricity, urban (% of urban population)",EG.ELC.ACCS.UR.ZS,0,0,0,0,0,0,68.80978372,66.68079279,67.11132927,67.24179489,61.64609762,61.78840486,62.99247363,63.99069455,64.42176722,65.35687801,65.99175334,67.97433132,66.72970356,67.91857395,68.38629422,72.3362745,72.43793629,72.60081924,72.48138751,72.30814449,74.95749479,73.31671302,73.8340921,75.89473166,78.28871593
Trinidad and Tobago,TTO,"Access to electricity, urban (% of urban population)",EG.ELC.ACCS.UR.ZS,0,0,0,0,0,0,0,0,0,0,100,99.98484802,99.953125,99.90772247,99.85557556,99.82737732,100,100,100,100,100,100,100,100,100,100,100,100,100,100,100
Tunisia,TUN,"Access to electricity, urban (% of urban population)",EG.ELC.ACCS.UR.ZS,0,0,0,0,99.87078857,99.9045105,99.92707825,99.93341064,99.92832184,99.90794373,99.85667419,99.80445862,99.75092316,99.70300293,99.66764832,99.66999817,99.66030121,100,99.73392487,99.78766632,99.93000031,99.79173279,99.94215393,99.97493744,99.99280548,99.90000153,100,100,99.90000153,100,100
Turkiye,TUR,"Access to electricity, urban (% of urban population)",EG.ELC.ACCS.UR.ZS,0,0,0,0,0,0,0,0,0,0,100,100,100,100,99.44896698,99.45655823,99.48849487,99.54120636,99.60899353,99.68617249,100,100,100,100,100,100,100,100,100,100,100
Tuvalu,TUV,"Access to electricity, urban (% of urban population)",EG.ELC.ACCS.UR.ZS,0,0,0,0,0,0,0,0,0,0,95.98860931,96.14983368,95.40000153,96.47525787,96.65333557,96.85092926,97.07286835,98.59999847,97.57337189,97.84055328,98.11144257,98.40834045,98.81656647,98.93532562,99.128479,99.35665894,99.57720947,99.79203033,99.92158508,99.80000305,100
Tanzania,TZA,"Access to electricity, urban (% of urban population)",EG.ELC.ACCS.UR.ZS,0,0,23.9,22.29055023,23.86634827,25.43266678,35.5,28.52423286,30.04316139,27.3,32.98467636,34.44345093,35.90089798,36.5,38.90000153,40.33473206,41.85422134,43.39447784,40.09999847,43.5,46.20000076,42.90000153,46.40000153,50.29999924,53.59999847,57.84166718,65.30000305,64.23184967,67.26036072,70.12944031,72.90000153
Uganda,UGA,"Access to electricity, urban (% of urban population)",EG.ELC.ACCS.UR.ZS,0,33.6,32.10887146,33.26917648,34.42316055,40.2,36.69953537,37.81560898,38.91272354,39.98940659,41.01221848,43.90000153,39.29999924,44.22984695,45.31825638,49,41.79999924,48.71147919,49.87959671,45,48,55.40000153,54.58914185,55.74863052,51.40000153,51.90000153,57.5,63.55837631,71.98000336,70.80000305,69.8710022
Ukraine,UKR,"Access to electricity, urban (% of urban population)",EG.ELC.ACCS.UR.ZS,100,100,100,100,100,100,100,100,100,100,100,100,100,100,100,99.94476318,100,99.90000153,100,100,100,100,99.91589355,100,100,100,100,100,100,100,100
Upper middle income,UMC,"Access to electricity, urban (% of urban population)",EG.ELC.ACCS.UR.ZS,0,0,0,0,0,0,0,0,0,0,99.09833159,98.98365144,99.04836615,99.07298389,99.03841097,99.08918004,99.16957712,99.21847482,99.34368157,99.37015719,99.49278057,99.51420422,99.53692636,99.57322831,99.57381824,99.22548262,99.60146186,99.63048084,99.62196852,99.6533154,99.66845166
Uruguay,URY,"Access to electricity, urban (% of urban population)",EG.ELC.ACCS.UR.ZS,0,0,98.379169,98.9462204,99.02806091,99.097572,99.315544,99.310103,99.337214,99.23358917,99.33748627,99.18907166,99.167099,99.15073395,99.14694214,99.16265869,99.32807159,99.39160919,99.47283936,99.5,99.59999847,99.43000031,99.80000305,99.75260162,99.77806854,99.80620575,99.80000305,99.80000305,99.80000305,99.90000153,100
United States,USA,"Access to electricity, urban (% of urban population)",EG.ELC.ACCS.UR.ZS,100,100,100,100,100,100,100,100,100,100,100,100,100,100,100,100,100,100,100,100,100,100,100,100,100,100,100,100,100,100,100
Uzbekistan,UZB,"Access to electricity, urban (% of urban population)",EG.ELC.ACCS.UR.ZS,0,0,0,0,0,0,100,99.8302002,99.87149811,99.8923645,99.89580536,99.89634705,99.90000153,99.90684509,99.92647552,99.95623779,99.79183197,99.99716949,100,100,100,100,100,100,100,100,100,100,100,100,100
St. Vincent and the Grenadines,VCT,"Access to electricity, urban (% of urban population)",EG.ELC.ACCS.UR.ZS,0,80.52237701,81.22592926,81.92633057,82.6204071,83.30500793,83.97696686,84.63313293,85.2703476,85.88712311,86.54364777,86.66999817,87.69181061,88.27084351,88.86244965,89.47355652,90.10901642,91.23000336,91.43654633,92.11724854,92.80165863,93.48408508,94.15885162,94.8215332,95.47276306,96.11445618,96.7485199,97.3768692,100,100,100
"Venezuela, RB",VEN,"Access to electricity, urban (% of urban population)",EG.ELC.ACCS.UR.ZS,0,0,99.940829,99.55133057,99.62576294,99.7,99.74303436,99.7,99.3,99.5,99.90000153,100,99.80000305,99.63088226,99.60926819,99.60715485,99.62939453,99.67240143,99.73049164,99.79797363,99.86916351,99.93153381,99.97639465,99.9961319,100,100,100,100,100,100,100
British Virgin Islands,VGB,"Access to electricity, urban (% of urban population)",EG.ELC.ACCS.UR.ZS,95.46631622,95.67889404,95.89093781,96.099823,96.30238342,96.49547577,96.67592621,96.8405838,96.98628235,97.11154175,97.72564697,97.79324341,97.8595047,97.93138885,98.01583862,98.11979675,98.24810028,98.39717865,98.5613327,98.73488617,99.10069275,99.41411591,99.6580658,99.76306152,99.71335602,100,100,100,100,100,100
Virgin Islands (U.S.),VIR,"Access to electricity, urban (% of urban population)",EG.ELC.ACCS.UR.ZS,100,100,100,100,100,100,100,100,100,100,100,100,100,100,100,100,100,100,100,100,100,100,100,100,100,100,100,100,100,100,100
Vietnam,VNM,"Access to electricity, urban (% of urban population)",EG.ELC.ACCS.UR.ZS,0,0,0,0,0,0,0,98.6,98.98194122,99.02344513,99.07267761,99.08232117,99.40000153,99.10456085,99.13105774,99.59999847,99.09999847,99.33853912,99.4447403,99.59999847,99.87999725,100,99.80000305,99.96396637,99.90000153,100,100,100,100,100,100
Vanuatu,VUT,"Access to electricity, urban (% of urban population)",EG.ELC.ACCS.UR.ZS,0,0,0,0,73.46308899,74.2180481,74.9603653,75.68688965,76.39445496,77.08158875,77.78160095,78.43797302,79.09301758,79.753685,80.4269104,81.11965179,82.77999878,84.60292053,83.32752991,82.34533691,82.30000305,85.6199646,86.37635803,86.19999695,87.99452972,89.22180939,91.40000153,92.1265564,93.41235352,94.53871918,95.5853653
World,WLD,"Access to electricity, urban (% of urban population)",EG.ELC.ACCS.UR.ZS,0,0,0,94.34136874,94.80712467,94.77892486,94.61678627,94.69092689,94.52864942,94.99738084,94.95934186,94.67116269,94.99191583,95.15735482,95.13188266,95.2957652,95.52454814,95.68142055,95.71243937,95.83345171,95.73636175,95.96317072,96.31362763,96.31941122,96.37214761,96.28310801,96.77512983,97.29142026,97.42152565,97.64541144,97.2686732
Samoa,WSM,"Access to electricity, urban (% of urban population)",EG.ELC.ACCS.UR.ZS,0,97.08071136,97.23141479,97.37895966,97.52017975,97.65193176,97.77103424,97.8743515,97.95870209,98.02262878,98.09404755,98.12830353,98.16123199,98.1997757,98.25088501,98.32150269,98.572258,98.5322113,98.19999695,99.69999695,98.94715881,98.68250275,99.22337341,99.34555817,99.40000153,99.55751038,99.6510849,99.87259674,99.99607086,99.90000153,99.98691559
Kosovo,XKX,"Access to electricity, urban (% of urban population)",EG.ELC.ACCS.UR.ZS,100,100,100,100,100,100,100,100,100,100,0,0,0,0,0,0,0,0,0,0,0,0,99.88999939,100,99.86000061,99.93000031,99.80000305,100,0,99.90000153,0
"Yemen, Rep.",YEM,"Access to electricity, urban (% of urban population)",EG.ELC.ACCS.UR.ZS,0,0,91.2,91.62909698,91.72691345,91.81526184,91.89096832,89.8,91.99183655,92.01235962,92.0068512,92.00179291,91.9954071,91.99463654,91.58999634,91.05000305,94.96466064,92.16981506,92.26132202,92.36222076,100,99.71286011,99.49117279,98.5,95.91999817,93.07569885,92.93487549,92.9834137,0,93.07095337,93.11345673
South Africa,ZAF,"Access to electricity, urban (% of urban population)",EG.ELC.ACCS.UR.ZS,0,0,0,0,0,0,85.29832458,85.41510773,84.2,85.5903244,85.67829132,85.77429962,85.86898041,87.69999695,86.08214569,86.21452332,86.37124634,86.54873657,86.74131012,86.94327545,87.1489563,87.35264587,87.54868317,87.73262024,87.90512085,88.06808472,88.22341156,88.37302399,88.51881409,88.66270447,88.80626678
Zambia,ZMB,"Access to electricity, urban (% of urban population)",EG.ELC.ACCS.UR.ZS,34.7,35.10939026,39.2,37.58665085,38.81738281,40.03863525,44.1,42.44007111,48,44.7673645,44.09999847,47.02407074,45.09999847,48,47.59999847,51.58969879,52.777771,47.79999924,55.21053696,56.44385529,49.79999924,58.91592789,60.14330673,61.35860062,61.5,67.69999695,69.96141052,75.19999695,76.46187592,79.4621048,82.38262177
Zimbabwe,ZWE,"Access to electricity, urban (% of urban population)",EG.ELC.ACCS.UR.ZS,0,0,85.47966003,85.51948547,80.4,85.57701874,85.58840942,85.58400726,85.56063843,87.4,85.42392731,85.36461639,85.3039856,85.24897003,85.20652008,85.18357849,91.40000153,85.20716095,85.24442291,90.86193848,85.34143066,83.19999695,85.43052673,85.45915222,83.40000153,81.19999695,85.48399353,85.47828674,85.46876526,85.45733643,85.71547699
